frame,time,bone,true_deg,computed_deg,diff_deg,raw_deg,pre_clamp_deg,clamped_deg,filtered_deg,expected_proj_mag,current_proj_mag,ref_axis_angle_deg,degenerate,held_previous_raw,ref_to_bone_forward_deg,ref_to_bone_up_deg,ref_to_bone_right_deg,axis_x,axis_y,axis_z,ref_x,ref_y,ref_z
0,0.0000,L_UpperArm,-8.33,-70.00,-61.67,-54.88,-89.70,-70.00,-70.00,0.9987,0.9658,105.04,N,N,83.53,91.03,173.45,-0.30308,-0.78845,0.53525,0.20387,-0.36580,-0.90809
0,0.0000,L_LowerArm,4.95,34.82,29.87,34.82,34.82,34.82,34.82,0.9987,0.9987,92.94,N,N,83.53,91.03,173.45,0.95042,-0.07751,0.30114,0.20387,-0.36580,-0.90809
0,0.0000,R_UpperArm,7.84,36.03,28.19,-15.44,36.03,36.03,36.03,0.9988,0.9688,75.65,N,N,96.50,89.06,173.43,0.11263,-0.76058,-0.63940,0.47699,0.40187,-0.78165
0,0.0000,R_LowerArm,-8.24,-51.47,-43.23,-51.47,-51.47,-51.47,-51.47,0.9989,0.9979,86.32,N,N,96.50,89.06,173.43,0.87352,-0.42872,0.23058,0.47699,0.40187,-0.78165
0,0.0000,L_UpperLeg,11.86,0.00,-11.86,0.00,0.00,0.00,0.00,0.0972,0.6024,142.96,Y,N,29.20,118.98,86.77,0.11130,-0.81704,0.56573,-0.01787,0.99920,0.03572
0,0.0000,L_LowerLeg,-2.69,0.00,2.69,0.00,0.00,0.00,0.00,0.1203,0.4014,156.33,Y,N,29.20,118.98,86.77,-0.09144,-0.93091,0.35363,-0.01787,0.99920,0.03572
0,0.0000,R_UpperLeg,-0.74,0.00,0.74,0.00,0.00,0.00,0.00,0.0956,0.3327,160.57,Y,N,22.35,112.35,89.86,0.31502,-0.93169,-0.18090,-0.01787,0.99920,0.03572
0,0.0000,R_LowerLeg,-0.37,0.00,0.37,0.00,0.00,0.00,0.00,0.1152,0.3112,161.87,Y,N,22.35,112.35,89.86,0.16643,-0.93718,-0.30658,-0.01787,0.99920,0.03572
1,0.0333,L_UpperArm,-6.68,-70.00,-63.32,-51.89,-86.21,-70.00,-70.00,0.9987,0.9526,107.72,N,N,83.53,91.03,173.45,-0.32852,-0.77835,0.53501,0.26361,-0.34062,-0.90249
1,0.0333,L_LowerArm,7.14,34.32,27.18,32.77,32.77,32.77,34.32,0.9987,0.9975,94.03,N,N,83.53,91.03,173.45,0.91481,-0.11317,0.38771,0.26361,-0.34062,-0.90249
1,0.0333,R_UpperArm,12.05,36.65,24.60,-12.39,39.15,39.15,36.65,0.9988,0.9742,76.97,N,N,96.50,89.06,173.43,0.08482,-0.75984,-0.64456,0.51340,0.40317,-0.75754
1,0.0333,R_LowerArm,-6.47,-51.54,-45.06,-51.82,-51.82,-51.82,-51.54,0.9989,1.0000,90.07,N,N,96.50,89.06,173.43,0.83783,-0.42415,0.34370,0.51340,0.40317,-0.75754
1,0.0333,L_UpperLeg,11.63,0.00,-11.63,0.00,0.00,0.00,0.00,0.0972,0.6167,141.93,Y,N,29.04,118.75,86.22,0.11380,-0.80670,0.57990,-0.01199,0.99932,0.03497
1,0.0333,L_LowerLeg,-3.64,0.00,3.64,0.00,0.00,0.00,0.00,0.1203,0.3903,157.02,Y,N,29.04,118.75,86.22,-0.10630,-0.93447,0.33980,-0.01199,0.99932,0.03497
1,0.0333,R_UpperLeg,-1.16,0.00,1.16,0.00,0.00,0.00,0.00,0.0956,0.3377,160.26,Y,N,22.23,112.23,89.76,0.31023,-0.93152,-0.18981,-0.01199,0.99932,0.03497
1,0.0333,R_LowerLeg,-0.66,0.00,0.66,0.00,0.00,0.00,0.00,0.1152,0.3209,161.28,Y,N,22.23,112.23,89.76,0.16933,-0.93480,-0.31223,-0.01199,0.99932,0.03497
2,0.0667,L_UpperArm,-5.12,-70.00,-64.88,-48.49,-83.81,-70.00,-70.00,0.9987,0.9115,114.29,N,N,83.53,91.03,173.45,-0.36129,-0.77267,0.52197,0.35901,-0.24414,-0.90084
2,0.0667,L_LowerArm,11.25,35.31,24.06,38.29,38.29,38.29,35.31,0.9987,0.9964,94.90,N,N,83.53,91.03,173.45,0.86650,-0.14204,0.47855,0.35901,-0.24414,-0.90084
2,0.0667,R_UpperArm,14.50,37.82,23.32,-10.77,40.96,40.96,37.82,0.9988,0.9760,77.41,N,N,96.50,89.06,173.43,0.12084,-0.76744,-0.62963,0.55622,0.40082,-0.72798
2,0.0667,R_LowerArm,-5.42,-51.73,-46.31,-52.44,-52.44,-52.44,-51.73,0.9989,0.9979,93.75,N,N,96.50,89.06,173.43,0.78658,-0.39970,0.47067,0.55622,0.40082,-0.72798
2,0.0667,L_UpperLeg,11.34,0.00,-11.34,0.00,0.00,0.00,0.00,0.0972,0.6325,140.77,Y,N,29.58,119.16,85.45,0.10783,-0.79680,0.59454,-0.00417,0.99930,0.03719
2,0.0667,L_LowerLeg,-5.60,0.00,5.60,0.00,0.00,0.00,0.00,0.1203,0.3791,157.72,Y,N,29.58,119.16,85.45,-0.12546,-0.93851,0.32166,-0.00417,0.99930,0.03719
2,0.0667,R_UpperLeg,-1.86,0.00,1.86,0.00,0.00,0.00,0.00,0.0956,0.3395,160.15,Y,N,22.34,112.33,89.51,0.29605,-0.93228,-0.20788,-0.00417,0.99930,0.03719
2,0.0667,R_LowerLeg,-1.48,0.00,1.48,0.00,0.00,0.00,0.00,0.1152,0.3322,160.60,Y,N,22.34,112.33,89.51,0.17132,-0.93117,-0.32183,-0.00417,0.99930,0.03719
3,0.1000,L_UpperArm,-3.24,-70.00,-66.76,-42.58,-84.43,-70.00,-70.00,0.9987,0.8600,120.69,N,N,83.53,91.03,173.45,-0.40974,-0.76379,0.49873,0.49204,-0.15516,-0.85664
3,0.1000,L_LowerArm,15.40,41.85,26.46,48.28,48.28,48.28,41.85,0.9987,0.9956,95.40,N,N,83.53,91.03,173.45,0.79170,-0.15112,0.59192,0.49204,-0.15516,-0.85664
3,0.1000,R_UpperArm,16.39,39.64,23.24,-9.72,43.21,43.21,39.64,0.9988,0.9737,76.82,N,N,96.50,89.06,173.43,0.17896,-0.79576,-0.57857,0.62457,0.35844,-0.69386
3,0.1000,R_LowerArm,-5.22,-52.93,-47.70,-55.49,-55.49,-55.49,-52.93,0.9989,0.9921,97.20,N,N,96.50,89.06,173.43,0.69641,-0.34863,0.62728,0.62457,0.35844,-0.69386
3,0.1000,L_UpperLeg,11.23,0.00,-11.23,0.00,0.00,0.00,0.00,0.0972,0.6451,139.83,Y,N,27.33,116.94,85.74,0.11109,-0.78522,0.60918,0.00505,0.99944,0.03296
3,0.1000,L_LowerLeg,-3.16,0.00,3.16,0.00,0.00,0.00,0.00,0.1203,0.3433,159.92,Y,N,27.33,116.94,85.74,-0.12819,-0.94863,0.28924,0.00505,0.99944,0.03296
3,0.1000,R_UpperLeg,-2.68,0.00,2.68,0.00,0.00,0.00,0.00,0.0956,0.3512,159.44,Y,N,22.98,112.98,89.74,0.27171,-0.93005,-0.24735,0.00505,0.99944,0.03296
3,0.1000,R_LowerLeg,-2.77,0.00,2.77,0.00,0.00,0.00,0.00,0.1152,0.3613,158.82,Y,N,22.98,112.98,89.74,0.17891,-0.92261,-0.34173,0.00505,0.99944,0.03296
4,0.1333,L_UpperArm,-0.50,-70.00,-69.50,-33.97,-86.44,-70.00,-70.00,0.9987,0.8059,126.31,N,N,83.53,91.03,173.45,-0.47524,-0.74073,0.47482,0.63829,-0.09949,-0.76334
4,0.1333,L_LowerArm,19.67,52.47,32.80,58.44,58.44,58.44,52.47,0.9987,0.9935,96.53,N,N,83.53,91.03,173.45,0.67065,-0.14157,0.72814,0.63829,-0.09949,-0.76334
4,0.1333,R_UpperArm,16.89,43.50,26.61,-8.23,48.71,48.71,43.50,0.9988,0.9659,75.00,N,N,96.50,89.06,173.43,0.24538,-0.83909,-0.48550,0.72546,0.26998,-0.63311
4,0.1333,R_LowerArm,-6.02,-56.94,-50.92,-61.46,-61.46,-61.46,-56.94,0.9989,0.9891,98.46,N,N,96.50,89.06,173.43,0.57244,-0.25809,0.77827,0.72546,0.26998,-0.63311
4,0.1333,L_UpperLeg,11.40,0.00,-11.40,0.00,0.00,0.00,0.00,0.0972,0.6528,139.24,Y,N,22.63,112.41,87.00,0.10580,-0.77499,0.62306,0.01455,0.99958,0.02509
4,0.1333,L_LowerLeg,1.00,0.00,-1.00,0.00,0.00,0.00,0.00,0.1203,0.2842,163.49,Y,N,22.63,112.41,87.00,-0.12808,-0.96322,0.23622,0.01455,0.99958,0.02509
4,0.1333,R_UpperLeg,-2.32,0.00,2.32,0.00,0.00,0.00,0.00,0.0956,0.3641,158.65,Y,N,23.81,113.80,89.22,0.24054,-0.92813,-0.28411,0.01455,0.99958,0.02509
4,0.1333,R_LowerLeg,-4.35,0.00,4.35,0.00,0.00,0.00,0.00,0.1152,0.3856,157.32,Y,N,23.81,113.80,89.22,0.19706,-0.91724,-0.34619,0.01455,0.99958,0.02509
5,0.1667,L_UpperArm,3.38,-70.00,-73.38,-22.01,-83.79,-70.00,-70.00,0.9987,0.7575,130.76,N,N,83.53,91.03,173.45,-0.55039,-0.69974,0.45546,0.78063,-0.08415,-0.61930
5,0.1667,L_LowerArm,23.46,61.78,38.32,65.93,65.93,65.93,61.78,0.9987,0.9911,97.66,N,N,83.53,91.03,173.45,0.49816,-0.11716,0.85913,0.78063,-0.08415,-0.61930
5,0.1667,R_UpperArm,15.68,48.93,33.25,-11.56,54.39,54.39,48.93,0.9988,0.9367,69.51,N,N,96.50,89.06,173.43,0.31927,-0.88175,-0.34726,0.79357,0.12492,-0.59552
5,0.1667,R_LowerArm,-9.03,-65.95,-56.92,-71.69,-71.69,-71.69,-65.95,0.9989,0.9773,102.23,N,N,96.50,89.06,173.43,0.42647,-0.16475,0.88937,0.79357,0.12492,-0.59552
5,0.1667,L_UpperLeg,11.94,0.00,-11.94,0.00,0.00,0.00,0.00,0.0972,0.6489,139.54,Y,N,21.23,111.23,89.87,0.08523,-0.77372,0.62777,0.02486,0.99955,0.01655
5,0.1667,L_LowerLeg,4.55,0.00,-4.55,0.00,0.00,0.00,0.00,0.1203,0.2260,166.94,Y,N,21.23,111.23,89.87,-0.11544,-0.97485,0.19064,0.02486,0.99955,0.01655
5,0.1667,R_UpperLeg,-1.36,0.00,1.36,0.00,0.00,0.00,0.00,0.0956,0.3836,157.45,Y,N,27.92,117.80,92.42,0.22749,-0.92452,-0.30578,0.02486,0.99955,0.01655
5,0.1667,R_LowerLeg,-5.17,0.00,5.17,0.00,0.00,0.00,0.00,0.1152,0.4099,155.80,Y,N,27.92,117.80,92.42,0.20334,-0.91166,-0.35711,0.02486,0.99955,0.01655
6,0.2000,L_UpperArm,6.28,-70.00,-76.28,-8.81,-74.51,-70.00,-70.00,0.9987,0.7191,134.02,N,N,83.53,91.03,173.45,-0.61449,-0.63993,0.46140,0.87553,-0.09622,-0.47349
6,0.2000,L_LowerArm,26.25,65.69,39.44,67.48,67.48,67.48,65.69,0.9987,0.9860,99.61,N,N,83.53,91.03,173.45,0.30748,-0.11497,0.94458,0.87553,-0.09622,-0.47349
6,0.2000,R_UpperArm,13.50,55.36,41.86,-15.87,60.60,60.60,55.36,0.9988,0.9147,66.17,N,N,96.50,89.06,173.43,0.36678,-0.91312,-0.17801,0.85630,0.00216,-0.51647
6,0.2000,R_LowerArm,-11.16,-76.47,-65.31,-81.31,-81.31,-81.31,-76.47,0.9989,0.9626,105.72,N,N,96.50,89.06,173.43,0.26447,-0.05326,0.96292,0.85630,0.00216,-0.51647
6,0.2000,L_UpperLeg,10.54,0.00,-10.54,0.00,0.00,0.00,0.00,0.0972,0.6449,139.84,Y,N,22.74,112.15,94.89,0.09110,-0.77423,0.62632,0.03529,0.99933,0.00996
6,0.2000,L_LowerLeg,8.81,0.00,-8.81,0.00,0.00,0.00,0.00,0.1203,0.1859,169.29,Y,N,22.74,112.15,94.89,-0.08821,-0.98179,0.16826,0.03529,0.99933,0.00996
6,0.2000,R_UpperLeg,-1.10,0.00,1.10,0.00,0.00,0.00,0.00,0.0956,0.4100,155.80,Y,N,33.85,122.48,98.50,0.22410,-0.91734,-0.32903,0.03529,0.99933,0.00996
6,0.2000,R_LowerLeg,-5.39,0.00,5.39,0.00,0.00,0.00,0.00,0.1152,0.4393,153.94,Y,N,33.85,122.48,98.50,0.20795,-0.90252,-0.37712,0.03529,0.99933,0.00996
7,0.2333,L_UpperArm,5.54,-66.99,-72.53,3.00,-60.42,-60.42,-66.99,0.9987,0.7050,135.17,N,N,83.53,91.03,173.45,-0.65518,-0.58058,0.48338,0.92623,-0.12092,-0.35705
7,0.2333,L_LowerArm,26.92,63.42,36.50,62.05,62.05,62.05,63.42,0.9987,0.9831,100.56,N,N,83.53,91.03,173.45,0.15313,-0.18068,0.97155,0.92623,-0.12092,-0.35705
7,0.2333,R_UpperArm,10.83,61.82,50.99,-19.34,66.42,66.42,61.82,0.9988,0.9089,65.35,N,N,96.50,89.06,173.43,0.37881,-0.92548,-0.00080,0.91272,-0.07666,-0.40132
7,0.2333,R_LowerArm,-12.35,-85.76,-73.41,-89.42,-89.42,-89.42,-85.76,0.9989,0.9504,108.11,N,N,96.50,89.06,173.43,0.10112,0.06127,0.99299,0.91272,-0.07666,-0.40132
7,0.2333,L_UpperLeg,7.67,0.00,-7.67,0.00,0.00,0.00,0.00,0.0972,0.6502,139.44,Y,N,26.42,113.70,101.00,0.11922,-0.77388,0.62201,0.04620,0.99886,0.01239
7,0.2333,L_LowerLeg,13.12,0.00,-13.12,0.00,0.00,0.00,0.00,0.1203,0.1722,170.08,Y,N,26.42,113.70,101.00,-0.04815,-0.98594,0.16000,0.04620,0.99886,0.01239
7,0.2333,R_UpperLeg,-2.60,0.00,2.60,0.00,0.00,0.00,0.00,0.0956,0.4524,153.10,Y,N,41.95,127.22,106.52,0.23335,-0.89905,-0.37049,0.04620,0.99886,0.01239
7,0.2333,R_LowerLeg,-5.38,0.00,5.38,0.00,0.00,0.00,0.00,0.1152,0.4735,151.74,Y,N,41.95,127.22,106.52,0.23341,-0.88767,-0.39694,0.04620,0.99886,0.01239
8,0.2667,L_UpperArm,1.17,-55.12,-56.29,13.52,-44.66,-44.66,-55.12,0.9987,0.7614,130.41,N,N,83.53,91.03,173.45,-0.67900,-0.51600,0.52221,0.94689,-0.22355,-0.23116
8,0.2667,L_LowerArm,25.52,58.18,32.66,50.96,50.96,50.96,58.18,0.9987,0.9943,96.12,N,N,83.53,91.03,173.45,0.05564,-0.27873,0.95875,0.94689,-0.22355,-0.23116
8,0.2667,R_UpperArm,6.71,63.22,56.50,-24.42,64.32,64.32,63.22,0.9988,0.9120,65.78,N,N,96.50,89.06,173.43,0.33518,-0.92299,0.18906,0.94657,-0.15832,-0.28096
8,0.2667,R_LowerArm,-13.94,-88.74,-74.80,-100.05,-100.05,-90.00,-88.74,0.9989,0.9373,110.40,N,N,96.50,89.06,173.43,-0.04461,0.19686,0.97942,0.94657,-0.15832,-0.28096
8,0.2667,L_UpperLeg,4.04,0.00,-4.04,0.00,0.00,0.00,0.00,0.0972,0.6572,138.91,Y,N,28.38,113.61,104.83,0.13671,-0.77615,0.61555,0.05550,0.99822,0.02191
8,0.2667,L_LowerLeg,13.65,0.00,-13.65,0.00,0.00,0.00,0.00,0.1203,0.1845,169.37,Y,N,28.38,113.61,104.83,-0.00777,-0.98760,0.15677,0.05550,0.99822,0.02191
8,0.2667,R_UpperLeg,2.33,0.00,-2.33,0.00,0.00,0.00,0.00,0.0956,0.4235,154.94,Y,N,59.69,143.02,109.11,0.20531,-0.91107,-0.35750,0.05550,0.99822,0.02191
8,0.2667,R_LowerLeg,-4.17,0.00,4.17,0.00,0.00,0.00,0.00,0.1152,0.4453,153.56,Y,N,59.69,143.02,109.11,0.21503,-0.90064,-0.37764,0.05550,0.99822,0.02191
9,0.3000,L_UpperArm,-2.96,-42.54,-39.58,15.36,-34.80,-34.80,-42.54,0.9987,0.8140,125.51,N,N,83.53,91.03,173.45,-0.69598,-0.46190,0.54979,0.92153,-0.34445,-0.17925
9,0.3000,L_LowerArm,23.08,50.17,27.09,39.86,39.86,39.86,50.17,0.9987,0.9984,93.27,N,N,83.53,91.03,173.45,-0.01390,-0.35761,0.93377,0.92153,-0.34445,-0.17925
9,0.3000,R_UpperArm,1.80,63.98,62.18,-24.92,64.66,64.66,63.98,0.9988,0.9295,68.36,N,N,96.50,89.06,173.43,0.22830,-0.89558,0.38186,0.97879,-0.19232,-0.07061
9,0.3000,R_LowerArm,-14.12,-89.59,-75.47,-111.38,-111.38,-90.00,-89.59,0.9989,0.9418,109.65,N,N,96.50,89.06,173.43,-0.21326,0.32504,0.92134,0.97879,-0.19232,-0.07061
9,0.3000,L_UpperLeg,-0.67,0.00,0.67,0.00,0.00,0.00,0.00,0.0972,0.6764,137.44,Y,N,26.82,110.45,106.58,0.15206,-0.77986,0.60720,0.06297,0.99669,0.05134
9,0.3000,L_LowerLeg,11.12,0.00,-11.12,0.00,0.00,0.00,0.00,0.1203,0.2326,166.55,Y,N,26.82,110.45,106.58,0.02327,-0.98582,0.16618,0.06297,0.99669,0.05134
9,0.3000,R_UpperLeg,7.45,0.00,-7.45,0.00,0.00,0.00,0.00,0.0956,0.3337,160.51,Y,N,79.76,160.65,106.24,0.13576,-0.93796,-0.31907,0.06297,0.99669,0.05134
9,0.3000,R_LowerLeg,-2.36,0.00,2.36,0.00,0.00,0.00,0.00,0.1152,0.4131,155.60,Y,N,79.76,160.65,106.24,0.15526,-0.90284,-0.40097,0.06297,0.99669,0.05134
10,0.3333,L_UpperArm,-5.81,-31.14,-25.33,12.90,-25.25,-25.25,-31.14,0.9987,0.8330,123.59,N,N,83.53,91.03,173.45,-0.69686,-0.42968,0.57425,0.88408,-0.42002,-0.20489
10,0.3333,L_LowerArm,20.55,38.15,17.60,31.14,31.14,31.14,38.15,0.9987,0.9985,93.15,N,N,83.53,91.03,173.45,-0.04891,-0.41515,0.90844,0.88408,-0.42002,-0.20489
10,0.3333,R_UpperArm,-4.11,63.29,67.40,-27.33,62.52,62.52,63.29,0.9988,0.9289,68.27,N,N,96.50,89.06,173.43,0.11309,-0.81649,0.56617,0.96479,-0.21121,0.15673
10,0.3333,R_LowerArm,-14.90,-89.85,-74.95,-127.30,-127.30,-90.00,-89.85,0.9989,0.9305,111.48,N,N,96.50,89.06,173.43,-0.41167,0.44407,0.79582,0.96479,-0.21121,0.15673
10,0.3333,L_UpperLeg,-4.12,0.00,4.12,0.00,0.00,0.00,0.00,0.0972,0.7040,135.25,Y,N,22.87,106.17,105.73,0.13809,-0.78240,0.60727,0.05204,0.99372,0.09902
10,0.3333,L_LowerLeg,7.48,0.00,-7.48,0.00,0.00,0.00,0.00,0.1203,0.2967,162.74,Y,N,22.87,106.17,105.73,0.03785,-0.98163,0.18703,0.05204,0.99372,0.09902
10,0.3333,R_UpperLeg,10.08,0.00,-10.08,0.00,0.00,0.00,0.00,0.0956,0.1887,169.12,Y,N,71.67,160.77,95.63,0.01701,-0.96195,-0.27270,0.05204,0.99372,0.09902
10,0.3333,R_LowerLeg,-3.94,0.00,3.94,0.00,0.00,0.00,0.00,0.1152,0.3987,156.50,Y,N,71.67,160.77,95.63,0.09030,-0.88139,-0.46369,0.05204,0.99372,0.09902
11,0.3667,L_UpperArm,-9.39,-20.47,-11.08,12.83,-15.48,-15.48,-20.47,0.9987,0.8498,121.81,N,N,83.53,91.03,173.45,-0.68317,-0.41716,0.59938,0.86544,-0.45505,-0.20961
11,0.3667,L_LowerArm,18.38,28.31,9.92,23.89,23.89,23.89,28.31,0.9987,0.9985,93.12,N,N,83.53,91.03,173.45,-0.11354,-0.49342,0.86235,0.86544,-0.45505,-0.20961
11,0.3667,R_UpperArm,-12.14,62.53,74.67,-28.47,61.47,61.47,62.53,0.9988,0.9363,69.45,N,N,96.50,89.06,173.43,-0.07709,-0.68793,0.72167,0.88945,-0.16155,0.42753
11,0.3667,R_LowerArm,-14.47,-89.94,-75.47,-144.51,-144.51,-90.00,-89.94,0.9989,0.9430,109.44,N,N,96.50,89.06,173.43,-0.58664,0.50522,0.63293,0.88945,-0.16155,0.42753
11,0.3667,L_UpperLeg,-8.00,0.00,8.00,0.00,0.00,0.00,0.00,0.0972,0.7368,132.54,Y,N,19.05,102.06,104.52,0.12132,-0.77900,0.61517,0.02728,0.98867,0.14757
11,0.3667,L_LowerLeg,3.45,0.00,-3.45,0.00,0.00,0.00,0.00,0.1203,0.3589,158.97,Y,N,19.05,102.06,104.52,0.04651,-0.97665,0.20974,0.02728,0.98867,0.14757
11,0.3667,R_UpperLeg,1.89,0.00,-1.89,0.00,0.00,0.00,0.00,0.0956,0.0920,174.72,Y,N,55.92,145.68,93.56,-0.04418,-0.99737,-0.05743,0.02728,0.98867,0.14757
11,0.3667,R_LowerLeg,-2.76,0.00,2.76,0.00,0.00,0.00,0.00,0.1152,0.4763,151.55,Y,N,55.92,145.68,93.56,0.03821,-0.80128,-0.59707,0.02728,0.98867,0.14757
12,0.4000,L_UpperArm,-9.79,-15.99,-6.20,13.22,-13.76,-13.76,-15.99,0.9987,0.8752,118.93,N,N,83.53,91.03,173.45,-0.67568,-0.49841,0.54318,0.89973,-0.41057,-0.14807
12,0.4000,L_LowerArm,18.39,26.98,8.59,26.32,26.32,26.32,26.98,0.9987,0.9973,94.24,N,N,83.53,91.03,173.45,-0.18266,-0.52110,0.83372,0.89973,-0.41057,-0.14807
12,0.4000,R_UpperArm,-19.05,61.77,80.81,-29.62,60.35,60.35,61.77,0.9988,0.9428,70.52,N,N,96.50,89.06,173.43,-0.29793,-0.51994,0.80056,0.74434,-0.04150,0.66651
12,0.4000,R_LowerArm,-14.33,-89.97,-75.64,-170.76,-170.76,-90.00,-89.97,0.9989,0.9483,108.50,N,N,96.50,89.06,173.43,-0.74614,0.53898,0.39086,0.74434,-0.04150,0.66651
12,0.4000,L_UpperLeg,-12.53,0.00,12.53,0.00,0.00,0.00,0.00,0.0972,0.7650,130.10,Y,N,16.75,98.78,104.15,0.11298,-0.77070,0.62710,0.00551,0.98353,0.18068
12,0.4000,L_LowerLeg,-0.38,0.00,0.38,0.00,0.00,0.00,0.00,0.1203,0.3890,157.11,Y,N,16.75,98.78,104.15,0.05054,-0.97592,0.21220,0.00551,0.98353,0.18068
12,0.4000,R_UpperLeg,-6.85,0.00,6.85,0.00,0.00,0.00,0.00,0.0956,0.3622,158.76,Y,N,50.42,140.40,90.88,-0.08364,-0.98020,0.17948,0.00551,0.98353,0.18068
12,0.4000,R_LowerLeg,-0.21,0.00,0.21,0.00,0.00,0.00,0.00,0.1152,0.4730,151.77,Y,N,50.42,140.40,90.88,-0.08854,-0.78199,-0.61697,0.00551,0.98353,0.18068
13,0.4333,L_UpperArm,-10.19,-16.04,-5.85,15.56,-16.07,-16.07,-16.04,0.9987,0.9026,115.49,N,N,83.53,91.03,173.45,-0.66864,-0.65887,0.34469,0.95619,-0.28705,0.05744
13,0.4333,L_LowerArm,20.80,31.64,10.83,35.46,35.46,35.46,31.64,0.9987,0.9963,94.93,N,N,83.53,91.03,173.45,-0.30708,-0.57149,0.76099,0.95619,-0.28705,0.05744
13,0.4333,R_UpperArm,-23.60,-44.26,-20.66,-27.44,-99.65,-70.00,-44.26,0.9988,0.9424,70.46,N,N,96.50,89.06,173.43,-0.54208,-0.37010,0.75444,0.50902,0.09465,0.85553
13,0.4333,R_LowerArm,-14.24,72.21,86.44,142.70,142.70,90.00,72.21,0.9989,0.9612,106.00,N,N,96.50,89.06,173.43,-0.82320,0.55780,0.10582,0.50902,0.09465,0.85553
13,0.4333,L_UpperLeg,-15.62,0.00,15.62,0.00,0.00,0.00,0.00,0.0972,0.7876,128.04,Y,N,15.22,96.77,103.57,0.09862,-0.75360,0.64989,-0.01882,0.98112,0.19247
13,0.4333,L_LowerLeg,-3.53,0.00,3.53,0.00,0.00,0.00,0.00,0.1203,0.3733,158.08,Y,N,15.22,96.77,103.57,0.05200,-0.98111,0.18631,-0.01882,0.98112,0.19247
13,0.4333,R_UpperLeg,-10.26,0.00,10.26,0.00,0.00,0.00,0.00,0.0956,0.6253,141.29,Y,N,41.65,131.51,92.81,-0.09697,-0.88615,0.45315,-0.01882,0.98112,0.19247
13,0.4333,R_LowerLeg,1.72,0.00,-1.72,0.00,0.00,0.00,0.00,0.1152,0.3140,161.70,Y,N,41.65,131.51,92.81,-0.08935,-0.87669,-0.47269,-0.01882,0.98112,0.19247
14,0.4667,L_UpperArm,-15.09,-17.08,-1.99,17.18,-17.84,-17.84,-17.08,0.9987,0.9245,112.40,N,N,83.53,91.03,173.45,-0.58432,-0.80772,0.07840,0.93444,-0.17397,0.31074
14,0.4667,L_LowerArm,21.17,35.03,13.86,42.51,42.51,42.51,35.03,0.9987,0.9989,92.70,N,N,83.53,91.03,173.45,-0.38427,-0.68263,0.62158,0.93444,-0.17397,0.31074
14,0.4667,R_UpperArm,-24.40,-65.12,-40.72,-14.88,-90.89,-70.00,-65.12,0.9988,0.9153,66.24,N,N,96.50,89.06,173.43,-0.76936,-0.28875,0.56983,0.13071,0.18046,0.97486
14,0.4667,R_LowerArm,-14.06,76.00,90.07,76.49,76.49,76.49,76.00,0.9989,0.9786,101.87,N,N,96.50,89.06,173.43,-0.80255,0.55951,-0.20702,0.13071,0.18046,0.97486
14,0.4667,L_UpperLeg,-18.72,0.00,18.72,0.00,0.00,0.00,0.00,0.0972,0.8000,126.87,Y,N,12.78,94.95,101.75,0.06999,-0.73972,0.66927,-0.05389,0.97989,0.19210
14,0.4667,L_LowerLeg,-6.84,0.00,6.84,0.00,0.00,0.00,0.00,0.1203,0.3529,159.34,Y,N,12.78,94.95,101.75,0.04047,-0.98525,0.16628,-0.05389,0.97989,0.19210
14,0.4667,R_UpperLeg,-11.19,0.00,11.19,0.00,0.00,0.00,0.00,0.0956,0.7388,132.37,Y,N,33.36,120.57,102.06,-0.09553,-0.80723,0.58245,-0.05389,0.97989,0.19210
14,0.4667,R_LowerLeg,0.67,0.00,-0.67,0.00,0.00,0.00,0.00,0.1152,0.0991,174.31,Y,N,33.36,120.57,102.06,0.00408,-0.96118,-0.27590,-0.05389,0.97989,0.19210
15,0.5000,L_UpperArm,-26.94,-20.54,6.40,11.03,-24.33,-24.33,-20.54,0.9987,0.9540,107.45,N,N,83.53,91.03,173.45,-0.45043,-0.86999,-0.20057,0.86678,-0.20857,0.45299
15,0.5000,L_LowerArm,14.30,35.36,21.06,36.35,36.35,36.35,35.36,0.9987,0.9991,87.52,N,N,83.53,91.03,173.45,-0.34753,-0.86492,0.36213,0.86678,-0.20857,0.45299
15,0.5000,R_UpperArm,-20.77,-29.68,-8.92,26.53,-9.24,-9.24,-29.68,0.9988,0.9010,64.29,N,N,96.50,89.06,173.43,-0.92234,-0.25954,0.28623,-0.26613,0.28859,0.91972
15,0.5000,R_LowerArm,-11.44,35.77,47.21,24.93,24.93,24.93,35.77,0.9989,0.9912,97.59,N,N,96.50,89.06,173.43,-0.68609,0.52262,-0.50611,-0.26613,0.28859,0.91972
15,0.5000,L_UpperLeg,-21.92,0.00,21.92,0.00,0.00,0.00,0.00,0.0972,0.8092,125.98,Y,N,9.49,93.44,98.83,0.01604,-0.72941,0.68389,-0.09415,0.97798,0.18627
15,0.5000,L_LowerLeg,-10.86,0.00,10.86,0.00,0.00,0.00,0.00,0.1203,0.3430,159.94,Y,N,9.49,93.44,98.83,0.01805,-0.98798,0.15352,-0.09415,0.97798,0.18627
15,0.5000,R_UpperLeg,-12.15,0.00,12.15,0.00,0.00,0.00,0.00,0.0956,0.7738,129.30,Y,N,28.70,114.89,103.37,-0.06037,-0.77361,0.63078,-0.09415,0.97798,0.18627
15,0.5000,R_LowerLeg,0.79,0.00,-0.79,0.00,0.00,0.00,0.00,0.1152,0.2218,167.19,Y,N,28.70,114.89,103.37,0.11555,-0.99267,0.03540,-0.09415,0.97798,0.18627
16,0.5333,L_UpperArm,-35.78,-23.05,12.73,-7.12,-40.01,-40.01,-23.05,0.9987,0.9790,101.77,N,N,83.53,91.03,173.45,-0.20198,-0.81500,-0.54311,0.84290,-0.26908,0.46596
16,0.5333,L_LowerArm,4.61,32.88,28.28,29.11,29.11,29.11,32.88,0.9987,0.9986,87.00,N,N,83.53,91.03,173.45,-0.33471,-0.92417,0.18407,0.84290,-0.26908,0.46596
16,0.5333,R_UpperArm,-9.69,37.73,47.42,144.68,128.27,70.00,37.73,0.9988,0.9309,68.58,N,N,96.50,89.06,173.43,-0.94687,-0.32049,-0.02702,-0.55443,0.43903,0.70701
16,0.5333,R_LowerArm,-3.60,16.42,20.02,-2.33,-2.33,-2.33,16.42,0.9989,0.9990,92.60,N,N,96.50,89.06,173.43,-0.49847,0.45521,-0.73778,-0.55443,0.43903,0.70701
16,0.5333,L_UpperLeg,-25.16,0.00,25.16,0.00,0.00,0.00,0.00,0.0972,0.8263,124.28,Y,N,5.58,91.63,95.33,-0.04923,-0.71596,0.69640,-0.13494,0.97383,0.18287
16,0.5333,L_LowerLeg,-15.28,0.00,15.28,0.00,0.00,0.00,0.00,0.1203,0.3610,158.84,Y,N,5.58,91.63,95.33,-0.00634,-0.98776,0.15585,-0.13494,0.97383,0.18287
16,0.5333,R_UpperLeg,-12.51,0.00,12.51,0.00,0.00,0.00,0.00,0.0956,0.7323,132.92,Y,N,22.09,109.38,100.19,0.00409,-0.80904,0.58774,-0.13494,0.97383,0.18287
16,0.5333,R_LowerLeg,-0.14,0.00,0.14,0.00,0.00,0.00,0.00,0.1152,0.4821,151.18,Y,N,22.09,109.38,100.19,0.16772,-0.93507,0.31228,-0.13494,0.97383,0.18287
17,0.5667,L_UpperArm,-39.40,-32.03,7.37,-11.53,-43.19,-43.19,-32.03,0.9987,0.9957,95.29,N,N,83.53,91.03,173.45,0.01993,-0.77364,-0.63332,0.81914,-0.27273,0.50461
17,0.5667,L_LowerArm,-2.81,31.65,34.46,29.98,29.98,29.98,31.65,0.9987,0.9987,87.04,N,N,83.53,91.03,173.45,-0.33542,-0.93103,0.14379,0.81914,-0.27273,0.50461
17,0.5667,R_UpperArm,-0.95,-34.76,-33.81,-160.72,-151.20,-70.00,-34.76,0.9988,0.9543,72.60,N,N,96.50,89.06,173.43,-0.89618,-0.39918,-0.19370,-0.68137,0.54207,0.49183
17,0.5667,R_LowerArm,4.28,-9.52,-13.80,-24.37,-24.37,-24.37,-9.52,0.9989,0.9988,92.78,N,N,96.50,89.06,173.43,-0.35735,0.27195,-0.89350,-0.68137,0.54207,0.49183
17,0.5667,L_UpperLeg,-26.88,0.00,26.88,0.00,0.00,0.00,0.00,0.0972,0.8309,123.81,Y,N,1.77,91.10,91.39,-0.11814,-0.71491,0.68916,-0.17374,0.97014,0.16926
17,0.5667,L_LowerLeg,-18.80,0.00,18.80,0.00,0.00,0.00,0.00,0.1203,0.3756,157.94,Y,N,1.77,91.10,91.39,-0.03527,-0.98794,0.15075,-0.17374,0.97014,0.16926
17,0.5667,R_UpperLeg,-15.75,0.00,15.75,0.00,0.00,0.00,0.00,0.0956,0.6817,137.02,Y,N,14.34,100.62,99.53,0.02640,-0.84310,0.53712,-0.17374,0.97014,0.16926
17,0.5667,R_LowerLeg,-3.60,0.00,3.60,0.00,0.00,0.00,0.00,0.1152,0.4043,156.15,Y,N,14.34,100.62,99.53,0.20454,-0.94842,0.24221,-0.17374,0.97014,0.16926
18,0.6000,L_UpperArm,-43.20,-45.67,-2.47,-22.03,-55.12,-55.12,-45.67,0.9987,0.9992,92.29,N,N,83.53,91.03,173.45,0.14792,-0.72107,-0.67688,0.86818,-0.19491,0.45636
18,0.6000,L_LowerArm,-11.80,33.08,44.89,37.35,37.35,37.35,33.08,0.9987,0.9975,85.96,N,N,83.53,91.03,173.45,-0.31306,-0.87142,0.37764,0.86818,-0.19491,0.45636
18,0.6000,R_UpperArm,1.18,-60.91,-62.09,-163.53,-138.59,-70.00,-60.91,0.9988,0.9947,84.08,N,N,96.50,89.06,173.43,-0.88964,-0.42345,-0.17095,-0.53702,0.68679,0.48982
18,0.6000,R_LowerArm,10.16,-24.94,-35.10,-30.79,-30.79,-30.79,-24.94,0.9989,0.9623,105.79,N,N,96.50,89.06,173.43,-0.28075,0.06710,-0.95743,-0.53702,0.68679,0.48982
18,0.6000,L_UpperLeg,-25.34,0.00,25.34,0.00,0.00,0.00,0.00,0.0972,0.8116,125.75,Y,N,3.57,92.88,87.89,-0.17006,-0.73434,0.65713,-0.20068,0.96928,0.14219
18,0.6000,L_LowerLeg,-20.16,0.00,20.16,0.00,0.00,0.00,0.00,0.1203,0.3695,158.31,Y,N,3.57,92.88,87.89,-0.06205,-0.99005,0.12633,-0.20068,0.96928,0.14219
18,0.6000,R_UpperLeg,-15.78,0.00,15.78,0.00,0.00,0.00,0.00,0.0956,0.6614,138.59,Y,N,12.85,101.04,96.49,-0.00357,-0.85144,0.52445,-0.20068,0.96928,0.14219
18,0.6000,R_LowerLeg,-4.56,0.00,4.56,0.00,0.00,0.00,0.00,0.1152,0.3267,160.93,Y,N,12.85,101.04,96.49,0.19530,-0.96236,0.18899,-0.20068,0.96928,0.14219
19,0.6333,L_UpperArm,-40.95,-58.42,-17.47,-30.15,-65.28,-65.28,-58.42,0.9987,0.9985,86.89,N,N,83.53,91.03,173.45,0.21710,-0.67597,-0.70422,0.91129,-0.17556,0.37245
19,0.6333,L_LowerArm,-18.94,35.13,54.07,39.59,39.59,39.59,35.13,0.9987,0.9986,86.91,N,N,83.53,91.03,173.45,-0.30767,-0.79522,0.52245,0.91129,-0.17556,0.37245
19,0.6333,R_UpperArm,10.83,-67.54,-78.37,-175.37,-139.83,-70.00,-67.54,0.9988,0.9600,106.27,N,N,96.50,89.06,173.43,-0.84135,-0.52929,-0.10944,-0.26938,0.87378,0.40491
19,0.6333,R_LowerArm,19.89,-35.54,-55.44,-39.09,-39.09,-39.09,-35.54,0.9989,0.9133,114.03,N,N,96.50,89.06,173.43,-0.43617,-0.19325,-0.87887,-0.26938,0.87378,0.40491
19,0.6333,L_UpperLeg,-21.84,0.00,21.84,0.00,0.00,0.00,0.00,0.0972,0.7665,129.96,Y,N,7.85,96.44,85.53,-0.20248,-0.76818,0.60738,-0.20063,0.97378,0.10720
19,0.6333,L_LowerLeg,-20.33,0.00,20.33,0.00,0.00,0.00,0.00,0.1203,0.3458,159.77,Y,N,7.85,96.44,85.53,-0.08996,-0.99194,0.08928,-0.20063,0.97378,0.10720
19,0.6333,R_UpperLeg,-12.63,0.00,12.63,0.00,0.00,0.00,0.00,0.0956,0.6229,141.47,Y,N,13.02,102.45,93.76,-0.05133,-0.86823,0.49350,-0.20063,0.97378,0.10720
19,0.6333,R_LowerLeg,-4.14,0.00,4.14,0.00,0.00,0.00,0.00,0.1152,0.2697,164.35,Y,N,13.02,102.45,93.76,0.14860,-0.97586,0.16006,-0.20063,0.97378,0.10720
20,0.6667,L_UpperArm,-35.94,-66.06,-30.12,-31.58,-71.76,-70.00,-66.06,0.9987,0.9944,83.94,N,N,83.53,91.03,173.45,0.31942,-0.65742,-0.68247,0.91285,-0.12165,0.38976
20,0.6667,L_LowerArm,-19.93,40.18,60.12,45.38,45.38,45.38,40.18,0.9987,1.0000,90.21,N,N,83.53,91.03,173.45,-0.34979,-0.73566,0.58004,0.91285,-0.12165,0.38976
20,0.6667,R_UpperArm,23.58,-69.26,-92.84,-179.83,-115.39,-70.00,-69.26,0.9988,0.8291,123.99,N,N,96.50,89.06,173.43,-0.76777,-0.64039,-0.02057,-0.09673,0.98426,0.14793
20,0.6667,R_LowerArm,28.00,-64.44,-92.44,-70.95,-70.95,-70.95,-64.44,0.9989,0.8655,120.06,N,N,96.50,89.06,173.43,-0.63079,-0.47914,-0.61036,-0.09673,0.98426,0.14793
20,0.6667,L_UpperLeg,-17.32,0.00,17.32,0.00,0.00,0.00,0.00,0.0972,0.6680,138.09,Y,N,13.26,102.19,84.85,-0.19001,-0.82326,0.53493,-0.19186,0.98019,0.04921
20,0.6667,L_LowerLeg,-18.71,0.00,18.71,0.00,0.00,0.00,0.00,0.1203,0.3154,161.61,Y,N,13.26,102.19,84.85,-0.11727,-0.99263,0.03062,-0.19186,0.98019,0.04921
20,0.6667,R_UpperLeg,-6.52,0.00,6.52,0.00,0.00,0.00,0.00,0.0956,0.5514,146.54,Y,N,14.98,104.94,91.07,-0.09450,-0.89182,0.44240,-0.19186,0.98019,0.04921
20,0.6667,R_LowerLeg,-1.39,0.00,1.39,0.00,0.00,0.00,0.00,0.1152,0.2515,165.43,Y,N,14.98,104.94,91.07,0.06645,-0.98300,0.17113,-0.19186,0.98019,0.04921
21,0.7000,L_UpperArm,-30.17,-68.57,-38.40,-23.21,-74.84,-70.00,-68.57,0.9987,0.9998,88.80,N,N,83.53,91.03,173.45,0.46185,-0.67395,-0.57662,0.82015,0.04275,0.57056
21,0.7000,L_LowerArm,-10.86,51.63,62.49,57.96,57.96,57.96,51.63,0.9987,0.9975,94.08,N,N,83.53,91.03,173.45,-0.40701,-0.75308,0.51692,0.82015,0.04275,0.57056
21,0.7000,R_UpperArm,30.94,34.11,3.17,165.50,251.30,70.00,34.11,0.9988,0.8820,118.12,N,N,96.50,89.06,173.43,-0.72856,-0.67392,0.12263,-0.25018,0.96816,-0.00927
21,0.7000,R_LowerArm,28.09,-85.80,-113.89,-139.01,-139.01,-90.00,-85.80,0.9989,0.8887,117.29,N,N,96.50,89.06,173.43,-0.72062,-0.66170,-0.20704,-0.25018,0.96816,-0.00927
21,0.7000,L_UpperLeg,-10.91,0.00,10.91,0.00,0.00,0.00,0.00,0.0972,0.5703,145.23,Y,N,21.49,110.16,82.85,-0.20910,-0.86787,0.45065,-0.18669,0.98226,-0.01772
21,0.7000,L_LowerLeg,-16.90,0.00,16.90,0.00,0.00,0.00,0.00,0.1203,0.3393,160.16,Y,N,21.49,110.16,82.85,-0.15578,-0.98761,-0.01903,-0.18669,0.98226,-0.01772
21,0.7000,R_UpperLeg,4.57,0.00,-4.57,0.00,0.00,0.00,0.00,0.0956,0.5056,149.63,Y,N,15.91,104.56,83.74,-0.18318,-0.90633,0.38081,-0.18669,0.98226,-0.01772
21,0.7000,R_LowerLeg,1.71,0.00,-1.71,0.00,0.00,0.00,0.00,0.1152,0.3110,161.88,Y,N,15.91,104.56,83.74,-0.05182,-0.97341,0.22313,-0.18669,0.98226,-0.01772
22,0.7333,L_UpperArm,-24.87,-69.44,-44.57,-20.34,-72.87,-70.00,-69.44,0.9987,0.9990,92.56,N,N,83.53,91.03,173.45,0.37353,-0.73264,-0.56895,0.82911,0.05126,0.55673
22,0.7333,L_LowerArm,-5.30,52.53,57.83,53.09,53.09,53.09,52.53,0.9987,0.9972,94.31,N,N,83.53,91.03,173.45,-0.33715,-0.83042,0.44354,0.82911,0.05126,0.55673
22,0.7333,R_UpperArm,27.93,54.93,26.99,125.15,61.25,61.25,54.93,0.9988,0.9736,103.20,N,N,96.50,89.06,173.43,-0.66200,-0.67205,0.33182,-0.44433,0.87418,0.19590
22,0.7333,R_LowerArm,21.46,63.90,42.44,136.84,136.84,90.00,63.90,0.9989,0.9721,103.57,N,N,96.50,89.06,173.43,-0.69989,-0.67584,0.23107,-0.44433,0.87418,0.19590
22,0.7333,L_UpperLeg,-6.60,0.00,6.60,0.00,0.00,0.00,0.00,0.0972,0.5133,149.12,Y,N,29.71,118.40,82.00,-0.22840,-0.88913,0.39658,-0.18785,0.97918,-0.07694
22,0.7333,L_LowerLeg,-15.28,0.00,15.28,0.00,0.00,0.00,0.00,0.1203,0.3910,156.98,Y,N,29.71,118.40,82.00,-0.19320,-0.98028,-0.04160,-0.18785,0.97918,-0.07694
22,0.7333,R_UpperLeg,13.83,0.00,-13.83,0.00,0.00,0.00,0.00,0.0956,0.4892,150.71,Y,N,19.06,103.88,77.20,-0.23947,-0.91005,0.33834,-0.18785,0.97918,-0.07694
22,0.7333,R_LowerLeg,4.77,0.00,-4.77,0.00,0.00,0.00,0.00,0.1152,0.3872,157.22,Y,N,19.06,103.88,77.20,-0.15439,-0.94984,0.27196,-0.18785,0.97918,-0.07694
23,0.7667,L_UpperArm,-20.85,-69.38,-48.53,-22.06,-69.34,-69.34,-69.38,0.9987,0.9998,88.73,N,N,83.53,91.03,173.45,0.20292,-0.77567,-0.59763,0.91077,-0.09909,0.40086
23,0.7667,L_LowerArm,-5.30,47.28,52.58,35.75,35.75,35.75,47.28,0.9987,0.9965,94.77,N,N,83.53,91.03,173.45,-0.34282,-0.86903,0.35674,0.91077,-0.09909,0.40086
23,0.7667,R_UpperArm,-12.57,30.75,43.32,92.33,13.36,13.36,30.75,0.9988,0.9596,106.35,N,N,96.50,89.06,173.43,-0.52075,-0.62039,0.58646,-0.36685,0.91585,0.16323
23,0.7667,R_LowerArm,19.16,78.97,59.81,81.59,81.59,81.59,78.97,0.9989,0.9917,97.41,N,N,96.50,89.06,173.43,-0.63231,-0.49958,0.59212,-0.36685,0.91585,0.16323
23,0.7667,L_UpperLeg,-5.57,0.00,5.57,0.00,0.00,0.00,0.00,0.0972,0.4973,150.18,Y,N,34.31,123.36,82.89,-0.22970,-0.89659,0.37865,-0.19340,0.97634,-0.09674
23,0.7667,L_LowerLeg,-14.12,0.00,14.12,0.00,0.00,0.00,0.00,0.1203,0.4252,154.84,Y,N,34.31,123.36,82.89,-0.21849,-0.97479,-0.04519,-0.19340,0.97634,-0.09674
23,0.7667,R_UpperLeg,17.14,0.00,-17.14,0.00,0.00,0.00,0.00,0.0956,0.4865,150.89,Y,N,20.09,103.14,75.07,-0.25041,-0.91234,0.32394,-0.19340,0.97634,-0.09674
23,0.7667,R_LowerLeg,6.84,0.00,-6.84,0.00,0.00,0.00,0.00,0.1152,0.4387,153.98,Y,N,20.09,103.14,75.07,-0.20514,-0.93120,0.30131,-0.19340,0.97634,-0.09674
24,0.8000,L_UpperArm,-14.72,-63.33,-48.61,-22.87,-49.18,-49.18,-63.33,0.9987,0.9970,85.55,N,N,83.53,91.03,173.45,-0.04085,-0.83022,-0.55593,0.94619,-0.26471,0.18615
24,0.8000,L_LowerArm,-6.55,26.31,32.86,14.57,14.57,14.57,26.31,0.9987,0.9947,95.93,N,N,83.53,91.03,173.45,-0.40122,-0.88906,0.22044,0.94619,-0.26471,0.18615
24,0.8000,R_UpperArm,-25.50,24.04,49.54,65.95,6.32,6.32,24.04,0.9988,0.9213,112.88,N,N,96.50,89.06,173.43,-0.15530,-0.38776,0.90858,-0.47191,0.87096,-0.13686
24,0.8000,R_LowerArm,17.23,59.63,42.41,53.99,53.99,53.99,59.63,0.9989,0.9782,101.97,N,N,96.50,89.06,173.43,-0.25070,-0.22614,0.94128,-0.47191,0.87096,-0.13686
24,0.8000,L_UpperLeg,-5.91,0.00,5.91,0.00,0.00,0.00,0.00,0.0972,0.4817,151.21,Y,N,37.26,126.68,84.33,-0.21906,-0.90396,0.36724,-0.19832,0.97437,-0.10620
24,0.8000,L_LowerLeg,-12.89,0.00,12.89,0.00,0.00,0.00,0.00,0.1203,0.4502,153.24,Y,N,37.26,126.68,84.33,-0.23862,-0.97001,-0.04621,-0.19832,0.97437,-0.10620
24,0.8000,R_UpperLeg,17.30,0.00,-17.30,0.00,0.00,0.00,0.00,0.0956,0.4752,151.63,Y,N,19.41,103.21,76.04,-0.23850,-0.91661,0.32086,-0.19832,0.97437,-0.10620
24,0.8000,R_LowerLeg,8.81,0.00,-8.81,0.00,0.00,0.00,0.00,0.1152,0.4685,152.07,Y,N,19.41,103.21,76.04,-0.22548,-0.91665,0.33001,-0.19832,0.97437,-0.10620
25,0.8333,L_UpperArm,-8.43,-44.97,-36.54,-21.46,-27.85,-27.85,-44.97,0.9987,0.9999,89.36,N,N,83.53,91.03,173.45,-0.29170,-0.87204,-0.39300,0.93998,-0.34004,0.02845
25,0.8333,L_LowerArm,-6.77,6.39,13.16,-0.33,-0.33,-0.33,6.39,0.9987,0.9915,97.49,N,N,83.53,91.03,173.45,-0.46067,-0.88212,0.09818,0.93998,-0.34004,0.02845
25,0.8333,R_UpperArm,11.88,6.50,-5.38,37.48,-9.97,-9.97,6.50,0.9988,0.9385,110.19,N,N,96.50,89.06,173.43,0.40346,0.06369,0.91278,-0.62444,0.76542,-0.15559
25,0.8333,R_LowerArm,5.62,47.45,41.82,40.84,40.84,40.84,47.45,0.9989,0.9445,109.18,N,N,96.50,89.06,173.43,0.32555,0.02851,0.94509,-0.62444,0.76542,-0.15559
25,0.8333,L_UpperLeg,-5.51,0.00,5.51,0.00,0.00,0.00,0.00,0.0972,0.4663,152.20,Y,N,39.68,129.12,84.35,-0.21417,-0.91196,0.34993,-0.20425,0.97135,-0.12149
25,0.8333,L_LowerLeg,-11.66,0.00,11.66,0.00,0.00,0.00,0.00,0.1203,0.4706,151.93,Y,N,39.68,129.12,84.35,-0.25185,-0.96678,-0.04361,-0.20425,0.97135,-0.12149
25,0.8333,R_UpperLeg,17.81,0.00,-17.81,0.00,0.00,0.00,0.00,0.0956,0.4627,152.44,Y,N,19.19,103.40,76.52,-0.22683,-0.92057,0.31796,-0.20425,0.97135,-0.12149
25,0.8333,R_LowerLeg,10.69,0.00,-10.69,0.00,0.00,0.00,0.00,0.1152,0.4981,150.13,Y,N,19.19,103.40,76.52,-0.24470,-0.89860,0.36421,-0.20425,0.97135,-0.12149
26,0.8667,L_UpperArm,-9.04,-24.08,-15.04,-17.15,-13.34,-13.34,-24.08,0.9987,0.9913,97.55,N,N,83.53,91.03,173.45,-0.45333,-0.86142,-0.22902,0.94047,-0.33973,-0.00983
26,0.8667,L_LowerArm,-4.92,-3.82,1.10,-6.99,-6.99,-6.99,-3.82,0.9987,0.9876,99.04,N,N,83.53,91.03,173.45,-0.48338,-0.87539,-0.00610,0.94047,-0.33973,-0.00983
26,0.8667,R_UpperArm,21.38,-14.40,-35.77,17.93,-25.17,-25.17,-14.40,0.9988,0.9324,111.19,N,N,96.50,89.06,173.43,0.70331,0.32703,0.63119,-0.66478,0.71858,-0.20424
26,0.8667,R_LowerArm,-5.57,43.10,48.68,22.63,22.63,22.63,43.10,0.9989,0.9197,113.12,N,N,96.50,89.06,173.43,0.66002,0.26406,0.70331,-0.66478,0.71858,-0.20424
26,0.8667,L_UpperLeg,-4.67,0.00,4.67,0.00,0.00,0.00,0.00,0.0972,0.4570,152.81,Y,N,39.90,129.27,84.07,-0.21470,-0.92080,0.32561,-0.20953,0.96927,-0.12888
26,0.8667,L_LowerLeg,-10.52,0.00,10.52,0.00,0.00,0.00,0.00,0.1203,0.4775,151.48,Y,N,39.90,129.27,84.07,-0.25626,-0.96609,-0.03177,-0.20953,0.96927,-0.12888
26,0.8667,R_UpperLeg,16.62,0.00,-16.62,0.00,0.00,0.00,0.00,0.0956,0.4456,153.54,Y,N,18.32,103.79,78.19,-0.20561,-0.92596,0.31673,-0.20953,0.96927,-0.12888
26,0.8667,R_LowerLeg,12.16,0.00,-12.16,0.00,0.00,0.00,0.00,0.1152,0.5192,148.72,Y,N,18.32,103.79,78.19,-0.24653,-0.88153,0.40266,-0.20953,0.96927,-0.12888
27,0.9000,L_UpperArm,-13.06,-10.11,2.94,-7.61,-4.01,-4.01,-10.11,0.9987,0.9854,99.79,N,N,83.53,91.03,173.45,-0.57402,-0.81231,-0.10321,0.89946,-0.43343,0.05582
27,0.9000,L_LowerArm,0.01,-3.60,-3.61,-3.52,-3.52,-3.52,-3.60,0.9987,0.9882,98.81,N,N,83.53,91.03,173.45,-0.56653,-0.82393,-0.01349,0.89946,-0.43343,0.05582
27,0.9000,R_UpperArm,17.18,-14.11,-31.29,10.38,-13.93,-13.93,-14.11,0.9988,0.9524,107.75,N,N,96.50,89.06,173.43,0.85218,0.41187,0.32273,-0.66946,0.73406,-0.11390
27,0.9000,R_LowerArm,-7.62,24.31,31.93,13.86,13.86,13.86,24.31,0.9989,0.9452,109.05,N,N,96.50,89.06,173.43,0.83124,0.37691,0.40864,-0.66946,0.73406,-0.11390
27,0.9000,L_UpperLeg,-6.02,0.00,6.02,0.00,0.00,0.00,0.00,0.0972,0.4214,155.08,Y,N,36.06,125.64,85.19,-0.18159,-0.93821,0.29458,-0.21372,0.96896,-0.12426
27,0.9000,L_LowerLeg,-8.75,0.00,8.75,0.00,0.00,0.00,0.00,0.1203,0.4613,152.53,Y,N,36.06,125.64,85.19,-0.24302,-0.97000,-0.00581,-0.21372,0.96896,-0.12426
27,0.9000,R_UpperLeg,15.97,0.00,-15.97,0.00,0.00,0.00,0.00,0.0956,0.4353,154.20,Y,N,17.49,103.65,79.26,-0.18996,-0.93111,0.31138,-0.21372,0.96896,-0.12426
27,0.9000,R_LowerLeg,13.34,0.00,-13.34,0.00,0.00,0.00,0.00,0.1152,0.5474,146.81,Y,N,17.49,103.65,79.26,-0.25088,-0.86272,0.43905,-0.21372,0.96896,-0.12426
28,0.9333,L_UpperArm,-4.64,-4.18,0.46,-2.37,-1.48,-1.48,-4.18,0.9987,0.9965,94.78,N,N,83.53,91.03,173.45,-0.70716,-0.70703,-0.00631,0.76094,-0.64389,0.07990
28,0.9333,L_LowerArm,2.88,-0.89,-3.78,0.44,0.44,0.44,-0.89,0.9987,0.9966,94.75,N,N,83.53,91.03,173.45,-0.70958,-0.70032,0.07775,0.76094,-0.64389,0.07990
28,0.9333,R_UpperArm,11.90,-10.92,-22.82,1.62,-8.19,-8.19,-10.92,0.9988,0.9622,105.80,N,N,96.50,89.06,173.43,0.90083,0.42957,0.06305,-0.65116,0.74929,-0.12068
28,0.9333,R_LowerArm,-11.00,9.81,20.81,4.26,4.26,4.26,9.81,0.9989,0.9584,106.59,N,N,96.50,89.06,173.43,0.89600,0.42052,0.14265,-0.65116,0.74929,-0.12068
28,0.9333,L_UpperLeg,-5.26,0.00,5.26,0.00,0.00,0.00,0.00,0.0972,0.4005,156.39,Y,N,31.09,120.44,84.24,-0.16804,-0.95332,0.25087,-0.21633,0.96991,-0.11172
28,0.9333,L_LowerLeg,-6.84,0.00,6.84,0.00,0.00,0.00,0.00,0.1203,0.4363,154.13,Y,N,31.09,120.44,84.24,-0.22267,-0.97459,0.02444,-0.21633,0.96991,-0.11172
28,0.9333,R_UpperLeg,12.91,0.00,-12.91,0.00,0.00,0.00,0.00,0.0956,0.4641,152.35,Y,N,21.46,110.32,83.40,-0.18430,-0.91222,0.36590,-0.21633,0.96991,-0.11172
28,0.9333,R_LowerLeg,14.08,0.00,-14.08,0.00,0.00,0.00,0.00,0.1152,0.5397,147.34,Y,N,21.46,110.32,83.40,-0.20903,-0.86125,0.46320,-0.21633,0.96991,-0.11172
29,0.9667,L_UpperArm,3.86,-0.24,-4.11,6.42,1.69,1.69,-0.24,0.9987,0.9997,91.31,N,N,83.53,91.03,173.45,-0.80656,-0.58717,0.06853,0.60558,-0.76898,0.20479
29,0.9667,L_LowerArm,6.95,4.73,-2.22,9.66,9.66,9.66,4.73,0.9987,0.9994,91.97,N,N,83.53,91.03,173.45,-0.81457,-0.54137,0.20831,0.60558,-0.76898,0.20479
29,0.9667,R_UpperArm,10.66,-9.22,-19.88,-13.83,-7.27,-7.27,-9.22,0.9988,0.9520,107.82,N,N,96.50,89.06,173.43,0.89004,0.44005,-0.11908,-0.70427,0.65473,-0.27447
29,0.9667,R_LowerArm,-19.68,-6.56,13.12,-11.44,-11.44,-11.44,-6.56,0.9989,0.9436,109.33,N,N,96.50,89.06,173.43,0.89740,0.43823,-0.05129,-0.70427,0.65473,-0.27447
29,0.9667,L_UpperLeg,-4.17,0.00,4.17,0.00,0.00,0.00,0.00,0.0972,0.3855,157.33,Y,N,27.42,116.57,83.70,-0.15972,-0.96425,0.21147,-0.21685,0.97120,-0.09869
29,0.9667,L_LowerLeg,-5.05,0.00,5.05,0.00,0.00,0.00,0.00,0.1203,0.4143,155.52,Y,N,27.42,116.57,83.70,-0.20447,-0.97748,0.05213,-0.21685,0.97120,-0.09869
29,0.9667,R_UpperLeg,10.94,0.00,-10.94,0.00,0.00,0.00,0.00,0.0956,0.5145,149.03,Y,N,29.95,119.21,83.98,-0.18694,-0.88035,0.43593,-0.21685,0.97120,-0.09869
29,0.9667,R_LowerLeg,13.86,0.00,-13.86,0.00,0.00,0.00,0.00,0.1152,0.5161,148.93,Y,N,29.95,119.21,83.98,-0.17495,-0.87516,0.45110,-0.21685,0.97120,-0.09869
30,1.0000,L_UpperArm,7.46,5.18,-2.28,16.47,7.93,7.93,5.18,0.9987,0.9988,92.82,N,N,83.53,91.03,173.45,-0.87392,-0.46113,0.15372,0.52675,-0.77581,0.34736
30,1.0000,L_LowerArm,11.56,8.54,-3.02,20.76,20.76,20.76,8.54,0.9987,0.9992,92.36,N,N,83.53,91.03,173.45,-0.85618,-0.36411,0.36658,0.52675,-0.77581,0.34736
30,1.0000,R_UpperArm,10.23,-8.21,-18.44,-30.43,-6.67,-6.67,-8.21,0.9988,0.9326,111.16,N,N,96.50,89.06,173.43,0.85042,0.44643,-0.27838,-0.79536,0.46206,-0.39230
30,1.0000,R_LowerArm,-29.39,-23.75,5.63,-28.07,-28.07,-28.07,-23.75,0.9989,0.9168,113.54,N,N,96.50,89.06,173.43,0.86815,0.44713,-0.21539,-0.79536,0.46206,-0.39230
30,1.0000,L_UpperLeg,-2.89,0.00,2.89,0.00,0.00,0.00,0.00,0.0972,0.3783,157.77,Y,N,27.18,116.37,83.89,-0.15470,-0.96813,0.19694,-0.21406,0.97316,-0.08450
30,1.0000,L_LowerLeg,-3.31,0.00,3.31,0.00,0.00,0.00,0.00,0.1203,0.4013,156.34,Y,N,27.18,116.37,83.89,-0.19561,-0.97831,0.06816,-0.21406,0.97316,-0.08450
30,1.0000,R_UpperLeg,9.63,0.00,-9.63,0.00,0.00,0.00,0.00,0.0956,0.5385,147.42,Y,N,34.98,124.04,82.88,-0.18010,-0.86475,0.46880,-0.21406,0.97316,-0.08450
30,1.0000,R_LowerLeg,12.18,0.00,-12.18,0.00,0.00,0.00,0.00,0.1152,0.4706,151.92,Y,N,34.98,124.04,82.88,-0.15120,-0.90549,0.39653,-0.21406,0.97316,-0.08450
31,1.0333,L_UpperArm,6.17,2.92,-3.25,20.26,1.45,1.45,2.92,0.9987,0.9918,97.35,N,N,83.53,91.03,173.45,-0.88998,-0.32034,0.32453,0.54326,-0.76930,0.33623
31,1.0333,L_LowerArm,14.33,18.81,4.48,26.79,26.79,26.79,18.81,0.9987,0.9980,93.66,N,N,83.53,91.03,173.45,-0.76047,-0.18162,0.62346,0.54326,-0.76930,0.33623
31,1.0333,R_UpperArm,7.17,-7.71,-14.88,-46.70,-6.77,-6.77,-7.71,0.9988,0.9177,113.40,N,N,96.50,89.06,173.43,0.78832,0.45052,-0.41903,-0.86792,0.22524,-0.44269
31,1.0333,R_LowerArm,-39.11,-39.93,-0.82,-43.61,-43.61,-43.61,-39.93,0.9989,0.8868,117.53,N,N,96.50,89.06,173.43,0.82282,0.45850,-0.33578,-0.86792,0.22524,-0.44269
31,1.0333,L_UpperLeg,-1.34,0.00,1.34,0.00,0.00,0.00,0.00,0.0972,0.3410,160.07,Y,N,22.00,111.04,83.86,-0.11271,-0.97395,0.19678,-0.20474,0.97705,-0.05875
31,1.0333,L_LowerLeg,-0.83,0.00,0.83,0.00,0.00,0.00,0.00,0.1203,0.3581,159.02,Y,N,22.00,111.04,83.86,-0.15880,-0.98409,0.07974,-0.20474,0.97705,-0.05875
31,1.0333,R_UpperLeg,10.16,0.00,-10.16,0.00,0.00,0.00,0.00,0.0956,0.5332,147.77,Y,N,36.56,125.29,81.65,-0.14669,-0.86805,0.47431,-0.20474,0.97705,-0.05875
31,1.0333,R_LowerLeg,10.49,0.00,-10.49,0.00,0.00,0.00,0.00,0.1152,0.4233,154.95,Y,N,36.56,125.29,81.65,-0.12123,-0.93214,0.34121,-0.20474,0.97705,-0.05875
32,1.0667,L_UpperArm,2.19,-0.95,-3.15,20.40,-4.64,-4.64,-0.95,0.9987,0.9798,101.54,N,N,83.53,91.03,173.45,-0.86017,-0.17531,0.47893,0.53955,-0.80144,0.25804
32,1.0667,L_LowerArm,16.55,25.05,8.50,28.84,28.84,28.84,25.05,0.9987,0.9992,92.32,N,N,83.53,91.03,173.45,-0.52252,-0.02693,0.85220,0.53955,-0.80144,0.25804
32,1.0667,R_UpperArm,-0.04,-8.24,-8.20,-62.31,-9.28,-9.28,-8.24,0.9988,0.9401,109.94,N,N,96.50,89.06,173.43,0.72860,0.43848,-0.52620,-0.85712,0.02928,-0.51429
32,1.0667,R_LowerArm,-47.54,-53.03,-5.48,-55.91,-55.91,-55.91,-53.03,0.9989,0.8732,119.16,N,N,96.50,89.06,173.43,0.79780,0.48781,-0.35434,-0.85712,0.02928,-0.51429
32,1.0667,L_UpperLeg,0.13,0.00,-0.13,0.00,0.00,0.00,0.00,0.0972,0.3002,162.53,Y,N,19.37,108.18,83.53,-0.07538,-0.97840,0.19251,-0.18131,0.98296,-0.03031
32,1.0667,L_LowerLeg,-0.82,0.00,0.82,0.00,0.00,0.00,0.00,0.1203,0.3114,161.85,Y,N,19.37,108.18,83.53,-0.12818,-0.98758,0.09083,-0.18131,0.98296,-0.03031
32,1.0667,R_UpperLeg,9.59,0.00,-9.59,0.00,0.00,0.00,0.00,0.0956,0.5090,149.40,Y,N,37.08,125.89,81.91,-0.06677,-0.87312,0.48290,-0.18131,0.98296,-0.03031
32,1.0667,R_LowerLeg,8.79,0.00,-8.79,0.00,0.00,0.00,0.00,0.1152,0.3258,160.98,Y,N,37.08,125.89,81.91,-0.07120,-0.96746,0.24280,-0.18131,0.98296,-0.03031
33,1.1000,L_UpperArm,1.81,-4.70,-6.51,22.82,-11.54,-11.54,-4.70,0.9987,0.9297,111.62,N,N,83.53,91.03,173.45,-0.81540,-0.10445,0.56939,0.64676,-0.74943,0.14164
33,1.1000,L_LowerArm,21.34,34.35,13.02,38.70,38.70,38.70,34.35,0.9987,0.9981,93.50,N,N,83.53,91.03,173.45,-0.20601,0.08796,0.97459,0.64676,-0.74943,0.14164
33,1.1000,R_UpperArm,-5.44,-10.14,-4.69,-76.88,-13.23,-13.23,-10.14,0.9988,0.9804,101.36,N,N,96.50,89.06,173.43,0.68446,0.40868,-0.60374,-0.76651,-0.12786,-0.62937
33,1.1000,R_LowerArm,-54.87,-63.65,-8.78,-66.01,-66.01,-66.01,-63.65,0.9989,0.8715,119.37,N,N,96.50,89.06,173.43,0.79025,0.53843,-0.29257,-0.76651,-0.12786,-0.62937
33,1.1000,L_UpperLeg,0.50,0.00,-0.50,0.00,0.00,0.00,0.00,0.0972,0.2774,163.89,Y,N,19.30,108.00,83.27,-0.04289,-0.97696,0.20907,-0.15806,0.98733,-0.01411
33,1.1000,L_LowerLeg,-2.38,0.00,2.38,0.00,0.00,0.00,0.00,0.1203,0.2827,163.58,Y,N,19.30,108.00,83.27,-0.11860,-0.98929,0.08510,-0.15806,0.98733,-0.01411
33,1.1000,R_UpperLeg,10.17,0.00,-10.17,0.00,0.00,0.00,0.00,0.0956,0.4874,150.83,Y,N,38.24,126.15,79.22,0.00602,-0.87656,0.48125,-0.15806,0.98733,-0.01411
33,1.1000,R_LowerLeg,6.00,0.00,-6.00,0.00,0.00,0.00,0.00,0.1152,0.2147,167.60,Y,N,38.24,126.15,79.22,-0.04552,-0.99528,0.08574,-0.15806,0.98733,-0.01411
34,1.1333,L_UpperArm,2.83,-11.28,-14.11,21.87,-25.03,-25.03,-11.28,0.9987,0.8481,121.99,N,N,83.53,91.03,173.45,-0.74298,-0.09220,0.66294,0.73246,-0.67695,-0.07246
34,1.1333,L_LowerArm,25.79,46.90,21.10,51.48,51.48,51.48,46.90,0.9987,0.9960,95.13,N,N,83.53,91.03,173.45,0.12888,0.16690,0.97752,0.73246,-0.67695,-0.07246
34,1.1333,R_UpperArm,-8.49,-13.14,-4.65,-88.61,-17.10,-17.10,-13.14,0.9988,0.9997,88.54,N,N,96.50,89.06,173.43,0.64754,0.34688,-0.67850,-0.62530,-0.22233,-0.74805
34,1.1333,R_LowerArm,-60.66,-71.51,-10.85,-73.34,-73.34,-73.34,-71.51,0.9989,0.8733,119.16,N,N,96.50,89.06,173.43,0.79017,0.58492,-0.18304,-0.62530,-0.22233,-0.74805
34,1.1333,L_UpperLeg,2.65,0.00,-2.65,0.00,0.00,0.00,0.00,0.0972,0.2945,162.87,Y,N,22.41,110.65,81.67,-0.02871,-0.96819,0.24855,-0.13969,0.99019,-0.00390
34,1.1333,L_LowerLeg,-4.35,0.00,4.35,0.00,0.00,0.00,0.00,0.1203,0.2762,163.97,Y,N,22.41,110.65,81.67,-0.12827,-0.98840,0.08137,-0.13969,0.99019,-0.00390
34,1.1333,R_UpperLeg,11.23,0.00,-11.23,0.00,0.00,0.00,0.00,0.0956,0.4380,154.02,Y,N,42.11,128.75,76.08,0.06600,-0.89684,0.43741,-0.13969,0.99019,-0.00390
34,1.1333,R_LowerLeg,2.93,0.00,-2.93,0.00,0.00,0.00,0.00,0.1152,0.1795,169.66,Y,N,42.11,128.75,76.08,-0.02666,-0.99752,-0.06510,-0.13969,0.99019,-0.00390
35,1.1667,L_UpperArm,4.16,-28.27,-32.43,18.39,-40.59,-40.59,-28.27,0.9987,0.7961,127.24,N,N,83.53,91.03,173.45,-0.61944,-0.13072,0.77409,0.73200,-0.61198,-0.29942
35,1.1667,L_LowerArm,27.86,58.98,31.12,62.80,62.80,62.80,58.98,0.9987,0.9937,96.42,N,N,83.53,91.03,173.45,0.38299,0.19941,0.90197,0.73200,-0.61198,-0.29942
35,1.1667,R_UpperArm,-8.24,-15.97,-7.73,-93.50,-19.29,-19.29,-15.97,0.9988,0.9292,68.30,N,N,96.50,89.06,173.43,0.60693,0.21401,-0.76540,-0.43936,-0.17657,-0.88079
35,1.1667,R_LowerArm,-63.12,-74.20,-11.09,-74.92,-74.92,-74.92,-74.20,0.9989,0.8759,118.84,N,N,96.50,89.06,173.43,0.81489,0.57907,0.02512,-0.43936,-0.17657,-0.88079
35,1.1667,L_UpperLeg,4.62,0.00,-4.62,0.00,0.00,0.00,0.00,0.0972,0.3142,161.69,Y,N,28.46,116.79,81.08,-0.01425,-0.95905,0.28288,-0.11956,0.99282,0.00384
35,1.1667,L_LowerLeg,-7.03,0.00,7.03,0.00,0.00,0.00,0.00,0.1203,0.2661,164.57,Y,N,28.46,116.79,81.08,-0.13267,-0.98724,0.08805,-0.11956,0.99282,0.00384
35,1.1667,R_UpperLeg,13.37,0.00,-13.37,0.00,0.00,0.00,0.00,0.0956,0.3596,158.92,Y,N,46.08,132.34,75.22,0.10082,-0.92908,0.35587,-0.11956,0.99282,0.00384
35,1.1667,R_LowerLeg,1.21,0.00,-1.21,0.00,0.00,0.00,0.00,0.1152,0.2047,168.19,Y,N,46.08,132.34,75.22,-0.00053,-0.98530,-0.17082,-0.11956,0.99282,0.00384
36,1.2000,L_UpperArm,4.37,-46.35,-50.73,10.07,-55.20,-55.20,-46.35,0.9987,0.7751,129.19,N,N,83.53,91.03,173.45,-0.50916,-0.15943,0.84578,0.63112,-0.60796,-0.48174
36,1.2000,L_LowerArm,27.35,65.27,37.92,67.29,67.29,67.29,65.27,0.9987,0.9870,99.25,N,N,83.53,91.03,173.45,0.55250,0.19606,0.81013,0.63112,-0.60796,-0.48174
36,1.2000,R_UpperArm,-7.37,-16.42,-9.06,-91.00,-17.02,-17.02,-16.42,0.9988,0.7863,51.84,N,N,96.50,89.06,173.43,0.58417,0.12515,-0.80192,-0.25028,-0.07853,-0.96498
36,1.2000,R_LowerArm,-62.65,-73.99,-11.33,-73.91,-73.91,-73.91,-73.99,0.9989,0.8895,117.19,N,N,96.50,89.06,173.43,0.80884,0.54558,0.21937,-0.25028,-0.07853,-0.96498
36,1.2000,L_UpperLeg,5.35,0.00,-5.35,0.00,0.00,0.00,0.00,0.0972,0.3353,160.41,Y,N,32.90,121.63,81.86,0.01414,-0.94891,0.31523,-0.09914,0.99501,0.01101
36,1.2000,L_LowerLeg,-8.93,0.00,8.93,0.00,0.00,0.00,0.00,0.1203,0.2536,165.31,Y,N,32.90,121.63,81.86,-0.13234,-0.98641,0.09734,-0.09914,0.99501,0.01101
36,1.2000,R_UpperLeg,12.84,0.00,-12.84,0.00,0.00,0.00,0.00,0.0956,0.2029,168.29,Y,N,49.29,138.52,83.38,0.15665,-0.97052,0.18319,-0.09914,0.99501,0.01101
36,1.2000,R_LowerLeg,1.39,0.00,-1.39,0.00,0.00,0.00,0.00,0.1152,0.2408,166.07,Y,N,49.29,138.52,83.38,0.04348,-0.96839,-0.24562,-0.09914,0.99501,0.01101
37,1.2333,L_UpperArm,4.64,-57.88,-62.52,4.53,-62.99,-62.99,-57.88,0.9987,0.7682,129.80,N,N,83.53,91.03,173.45,-0.39054,-0.18487,0.90183,0.52656,-0.59788,-0.60438
37,1.2333,L_LowerArm,25.36,67.51,42.15,68.32,68.32,68.32,67.51,0.9987,0.9858,99.67,N,N,83.53,91.03,173.45,0.68289,0.16243,0.71224,0.52656,-0.59788,-0.60438
37,1.2333,R_UpperArm,-6.22,-14.15,-7.93,-79.46,-8.44,-8.44,-14.15,0.9988,0.6417,39.92,N,N,96.50,89.06,173.43,0.59812,0.08248,-0.79715,-0.05513,0.07790,-0.99544
37,1.2333,R_LowerArm,-59.49,-71.02,-11.53,-69.79,-69.79,-69.79,-71.02,0.9989,0.9157,113.70,N,N,96.50,89.06,173.43,0.77579,0.48874,0.39910,-0.05513,0.07790,-0.99544
37,1.2333,L_UpperLeg,5.64,0.00,-5.64,0.00,0.00,0.00,0.00,0.0972,0.3772,157.84,Y,N,31.06,120.04,82.82,0.05895,-0.93137,0.35928,-0.08024,0.99660,0.01891
37,1.2333,L_LowerLeg,-7.25,0.00,7.25,0.00,0.00,0.00,0.00,0.1203,0.2433,165.92,Y,N,31.06,120.04,82.82,-0.13334,-0.98591,0.10101,-0.08024,0.99660,0.01891
37,1.2333,R_UpperLeg,12.48,0.00,-12.48,0.00,0.00,0.00,0.00,0.0956,0.1264,172.74,Y,N,50.55,140.49,88.16,0.19542,-0.98023,0.03109,-0.08024,0.99660,0.01891
37,1.2333,R_LowerLeg,1.89,0.00,-1.89,0.00,0.00,0.00,0.00,0.1152,0.2346,166.43,Y,N,50.55,140.49,88.16,0.11007,-0.96180,-0.25065,-0.08024,0.99660,0.01891
38,1.2667,L_UpperArm,6.53,-66.32,-72.85,0.27,-76.05,-70.00,-66.32,0.9987,0.7730,129.38,N,N,83.53,91.03,173.45,-0.22166,-0.26823,0.93751,0.43713,-0.53159,-0.72548
38,1.2667,L_LowerArm,24.54,76.31,51.78,79.28,79.28,79.28,76.31,0.9987,0.9829,100.60,N,N,83.53,91.03,173.45,0.78149,0.16916,0.60055,0.43713,-0.53159,-0.72548
38,1.2667,R_UpperArm,-3.85,-4.99,-1.14,-60.34,8.50,8.50,-4.99,0.9988,0.4930,29.54,N,N,96.50,89.06,173.43,0.60006,0.01548,-0.79980,0.15569,0.20102,-0.96714
38,1.2667,R_LowerArm,-55.65,-68.84,-13.20,-67.66,-67.66,-67.66,-68.84,0.9989,0.9387,110.16,N,N,96.50,89.06,173.43,0.73491,0.38897,0.55552,0.15569,0.20102,-0.96714
38,1.2667,L_UpperLeg,5.97,0.00,-5.97,0.00,0.00,0.00,0.00,0.0972,0.4520,153.13,Y,N,29.58,118.69,83.40,0.09672,-0.90276,0.41912,-0.06146,0.99752,0.03442
38,1.2667,L_LowerLeg,-6.12,0.00,6.12,0.00,0.00,0.00,0.00,0.1203,0.2521,165.40,Y,N,29.58,118.69,83.40,-0.14719,-0.98298,0.10996,-0.06146,0.99752,0.03442
38,1.2667,R_UpperLeg,10.60,0.00,-10.60,0.00,0.00,0.00,0.00,0.0956,0.1853,169.32,Y,N,49.24,138.74,84.68,0.20098,-0.96743,-0.15388,-0.06146,0.99752,0.03442
38,1.2667,R_LowerLeg,1.79,0.00,-1.79,0.00,0.00,0.00,0.00,0.1152,0.2326,166.55,Y,N,49.24,138.74,84.68,0.18479,-0.95571,-0.22906,-0.06146,0.99752,0.03442
39,1.3000,L_UpperArm,6.48,-68.79,-75.27,-10.46,-89.69,-70.00,-68.79,0.9987,0.7978,127.08,N,N,83.53,91.03,173.45,-0.06261,-0.40955,0.91014,0.31943,-0.44083,-0.83883
39,1.3000,L_LowerArm,21.89,79.23,57.34,80.31,80.31,80.31,79.23,0.9987,0.9752,102.79,N,N,83.53,91.03,173.45,0.84387,0.11765,0.52348,0.31943,-0.44083,-0.83883
39,1.3000,R_UpperArm,2.11,28.04,25.93,-24.35,43.31,43.31,28.04,0.9988,0.4365,25.88,N,N,96.50,89.06,173.43,0.56832,-0.12200,-0.81371,0.37300,0.27446,-0.88631
39,1.3000,R_LowerArm,-47.33,-67.66,-20.33,-66.84,-66.84,-66.84,-67.66,0.9989,0.9603,106.20,N,N,96.50,89.06,173.43,0.71483,0.18744,0.67371,0.37300,0.27446,-0.88631
39,1.3000,L_UpperLeg,6.97,0.00,-6.97,0.00,0.00,0.00,0.00,0.0972,0.5425,147.15,Y,N,28.19,117.22,83.22,0.11993,-0.86259,0.49148,-0.04041,0.99784,0.05188
39,1.3000,L_LowerLeg,-5.69,0.00,5.69,0.00,0.00,0.00,0.00,0.1203,0.2702,164.32,Y,N,28.19,117.22,83.22,-0.16209,-0.97820,0.12982,-0.04041,0.99784,0.05188
39,1.3000,R_UpperLeg,9.04,0.00,-9.04,0.00,0.00,0.00,0.00,0.0956,0.2827,163.58,Y,N,50.24,139.93,85.77,0.16667,-0.93889,-0.30117,-0.04041,0.99784,0.05188
39,1.3000,R_LowerLeg,-0.03,0.00,0.03,0.00,0.00,0.00,0.00,0.1152,0.2400,166.11,Y,N,50.24,139.93,85.77,0.24336,-0.95389,-0.17571,-0.04041,0.99784,0.05188
40,1.3333,L_UpperArm,5.65,-69.56,-75.21,-24.14,-98.22,-70.00,-69.56,0.9987,0.8397,122.89,N,N,83.53,91.03,173.45,0.00812,-0.56398,0.82575,0.24308,-0.35528,-0.90260
40,1.3333,L_LowerArm,17.72,74.08,56.36,71.28,71.28,71.28,74.08,0.9987,0.9740,103.11,N,N,83.53,91.03,173.45,0.88056,0.04120,0.47214,0.24308,-0.35528,-0.90260
40,1.3333,R_UpperArm,7.27,51.99,44.72,-7.86,60.34,60.34,51.99,0.9988,0.5032,30.21,N,N,96.50,89.06,173.43,0.50940,-0.27466,-0.81552,0.47000,0.24399,-0.84828
40,1.3333,R_LowerArm,-39.07,-68.21,-29.14,-68.64,-68.64,-68.64,-68.21,0.9989,0.9805,101.34,N,N,96.50,89.06,173.43,0.75613,0.01244,0.65430,0.47000,0.24399,-0.84828
40,1.3333,L_UpperLeg,8.63,0.00,-8.63,0.00,0.00,0.00,0.00,0.0972,0.6181,141.82,Y,N,27.45,116.35,82.85,0.13273,-0.82014,0.55655,-0.02430,0.99768,0.06352
40,1.3333,L_LowerLeg,-5.12,0.00,5.12,0.00,0.00,0.00,0.00,0.1203,0.2980,162.66,Y,N,27.45,116.35,82.85,-0.17410,-0.97132,0.16195,-0.02430,0.99768,0.06352
40,1.3333,R_UpperLeg,9.75,0.00,-9.75,0.00,0.00,0.00,0.00,0.0956,0.2681,164.45,Y,N,39.25,127.45,79.92,0.14955,-0.94306,-0.29709,-0.02430,0.99768,0.06352
40,1.3333,R_LowerLeg,-1.62,0.00,1.62,0.00,0.00,0.00,0.00,0.1152,0.2338,166.48,Y,N,39.25,127.45,79.92,0.22086,-0.95726,-0.18675,-0.02430,0.99768,0.06352
41,1.3667,L_UpperArm,4.52,-69.82,-74.34,-35.44,-105.61,-70.00,-69.82,0.9987,0.8639,120.24,N,N,83.53,91.03,173.45,-0.01404,-0.66849,0.74359,0.20791,-0.29012,-0.93413
41,1.3667,L_LowerArm,15.42,70.17,54.75,66.81,66.81,66.81,70.17,0.9987,0.9751,102.81,N,N,83.53,91.03,173.45,0.89977,0.00403,0.43635,0.20791,-0.29012,-0.93413
41,1.3667,R_UpperArm,10.46,57.48,47.02,-8.36,59.56,59.56,57.48,0.9988,0.6108,37.65,N,N,96.50,89.06,173.43,0.44299,-0.40472,-0.79998,0.46176,0.23806,-0.85446
41,1.3667,R_LowerArm,-31.90,-67.91,-36.02,-67.64,-67.64,-67.64,-67.91,0.9989,0.9915,97.48,N,N,96.50,89.06,173.43,0.81920,-0.13864,0.55650,0.46176,0.23806,-0.85446
41,1.3667,L_UpperLeg,10.73,0.00,-10.73,0.00,0.00,0.00,0.00,0.0972,0.6654,138.29,Y,N,27.52,116.28,82.39,0.12604,-0.79072,0.59906,-0.01568,0.99718,0.07345
41,1.3667,L_LowerLeg,-4.20,0.00,4.20,0.00,0.00,0.00,0.00,0.1203,0.3380,160.24,Y,N,27.52,116.28,82.39,-0.18942,-0.96146,0.19930,-0.01568,0.99718,0.07345
41,1.3667,R_UpperLeg,10.14,0.00,-10.14,0.00,0.00,0.00,0.00,0.0956,0.2301,166.70,Y,N,31.28,113.38,70.44,0.14718,-0.95450,-0.25935,-0.01568,0.99718,0.07345
41,1.3667,R_LowerLeg,-2.03,0.00,2.03,0.00,0.00,0.00,0.00,0.1152,0.2221,167.17,Y,N,31.28,113.38,70.44,0.20188,-0.96051,-0.19150,-0.01568,0.99718,0.07345
42,1.4000,L_UpperArm,2.33,-69.92,-72.25,-43.54,-111.00,-70.00,-69.92,0.9987,0.8761,118.83,N,N,83.53,91.03,173.45,-0.07561,-0.71670,0.69327,0.17812,-0.26317,-0.94816
42,1.4000,L_LowerArm,13.40,67.46,54.06,56.27,56.27,56.27,67.46,0.9987,0.9776,102.16,N,N,83.53,91.03,173.45,0.91327,-0.04153,0.40523,0.17812,-0.26317,-0.94816
42,1.4000,R_UpperArm,11.88,57.54,45.66,-9.21,57.57,57.57,57.54,0.9988,0.7052,44.84,N,N,96.50,89.06,173.43,0.37645,-0.49729,-0.78165,0.45231,0.25834,-0.85362
42,1.4000,R_LowerArm,-26.74,-66.79,-40.04,-65.34,-65.34,-65.34,-66.79,0.9989,0.9963,94.90,N,N,96.50,89.06,173.43,0.84704,-0.22976,0.47930,0.45231,0.25834,-0.85362
42,1.4000,L_UpperLeg,12.70,0.00,-12.70,0.00,0.00,0.00,0.00,0.0972,0.6791,137.23,Y,N,28.45,117.09,81.96,0.11017,-0.77756,0.61909,-0.01116,0.99754,0.06915
42,1.4000,L_LowerLeg,-3.62,0.00,3.62,0.00,0.00,0.00,0.00,0.1203,0.3547,159.23,Y,N,28.45,117.09,81.96,-0.19203,-0.95509,0.22567,-0.01116,0.99754,0.06915
42,1.4000,R_UpperLeg,7.21,0.00,-7.21,0.00,0.00,0.00,0.00,0.0956,0.2336,166.49,Y,N,25.50,110.77,75.88,0.19597,-0.95805,-0.20915,-0.01116,0.99754,0.06915
42,1.4000,R_LowerLeg,-1.63,0.00,1.63,0.00,0.00,0.00,0.00,0.1152,0.2525,165.38,Y,N,25.50,110.77,75.88,0.18479,-0.95064,-0.24928,-0.01116,0.99754,0.06915
43,1.4333,L_UpperArm,-0.87,-69.96,-69.09,-48.58,-102.92,-70.00,-69.96,0.9987,0.8841,117.86,N,N,83.53,91.03,173.45,-0.16290,-0.72537,0.66881,0.16197,-0.26789,-0.94974
43,1.4333,L_LowerArm,12.09,54.34,42.26,45.00,45.00,45.00,54.34,0.9987,0.9830,100.57,N,N,83.53,91.03,173.45,0.92477,-0.07705,0.37265,0.16197,-0.26789,-0.94974
43,1.4333,R_UpperArm,12.80,56.32,43.52,-9.88,55.64,55.64,56.32,0.9988,0.7841,51.63,N,N,96.50,89.06,173.43,0.31697,-0.57486,-0.75437,0.45939,0.27982,-0.84301
43,1.4333,R_LowerArm,-22.27,-65.52,-43.25,-62.78,-62.78,-62.78,-65.52,0.9989,0.9988,92.76,N,N,96.50,89.06,173.43,0.85381,-0.30703,0.42041,0.45939,0.27982,-0.84301
43,1.4333,L_UpperLeg,14.16,0.00,-14.16,0.00,0.00,0.00,0.00,0.0972,0.6815,137.04,Y,N,29.07,117.79,82.12,0.09615,-0.77272,0.62742,-0.00681,0.99795,0.06367
43,1.4333,L_LowerLeg,-3.20,0.00,3.20,0.00,0.00,0.00,0.00,0.1203,0.3621,158.77,Y,N,29.07,117.79,82.12,-0.18656,-0.95106,0.24632,-0.00681,0.99795,0.06367
43,1.4333,R_UpperLeg,5.47,0.00,-5.47,0.00,0.00,0.00,0.00,0.0956,0.2614,164.85,Y,N,23.49,110.61,79.22,0.24083,-0.95428,-0.17708,-0.00681,0.99795,0.06367
43,1.4333,R_LowerLeg,-1.01,0.00,1.01,0.00,0.00,0.00,0.00,0.1152,0.2743,164.08,Y,N,23.49,110.61,79.22,0.16683,-0.94441,-0.28329,-0.00681,0.99795,0.06367
44,1.4667,L_UpperArm,-3.29,-69.98,-66.69,-53.02,-95.47,-70.00,-69.98,0.9987,0.9078,114.80,N,N,83.53,91.03,173.45,-0.22668,-0.74021,0.63302,0.14646,-0.28767,-0.94647
44,1.4667,L_LowerArm,10.36,42.44,32.09,36.90,36.90,36.90,42.44,0.9987,0.9849,99.96,N,N,83.53,91.03,173.45,0.92925,-0.09769,0.35631,0.14646,-0.28767,-0.94647
44,1.4667,R_UpperArm,13.34,54.84,41.51,-10.44,53.81,53.81,54.84,0.9988,0.8484,58.04,N,N,96.50,89.06,173.43,0.25895,-0.63988,-0.72354,0.47444,0.30041,-0.82744
44,1.4667,R_LowerArm,-18.22,-64.25,-46.03,-60.02,-60.02,-60.02,-64.25,0.9989,0.9999,90.84,N,N,96.50,89.06,173.43,0.85023,-0.37566,0.36876,0.47444,0.30041,-0.82744
44,1.4667,L_UpperLeg,14.79,0.00,-14.79,0.00,0.00,0.00,0.00,0.0972,0.6788,137.25,Y,N,29.40,118.27,82.57,0.08996,-0.77148,0.62986,-0.00296,0.99835,0.05736
44,1.4667,L_LowerLeg,-2.76,0.00,2.76,0.00,0.00,0.00,0.00,0.1203,0.3698,158.30,Y,N,29.40,118.27,82.57,-0.18118,-0.94652,0.26697,-0.00296,0.99835,0.05736
44,1.4667,R_UpperLeg,4.13,0.00,-4.13,0.00,0.00,0.00,0.00,0.0956,0.2906,163.11,Y,N,22.24,110.54,81.83,0.27583,-0.94875,-0.15425,-0.00296,0.99835,0.05736
44,1.4667,R_LowerLeg,-0.56,0.00,0.56,0.00,0.00,0.00,0.00,0.1152,0.2867,163.34,Y,N,22.24,110.54,81.83,0.15129,-0.94194,-0.29978,-0.00296,0.99835,0.05736
45,1.5000,L_UpperArm,-4.90,-69.99,-65.09,-55.67,-91.63,-70.00,-69.99,0.9987,0.9330,111.09,N,N,83.53,91.03,173.45,-0.26567,-0.75471,0.59986,0.13856,-0.31765,-0.93803
45,1.5000,L_LowerArm,8.63,35.97,27.34,33.17,33.17,33.17,35.97,0.9987,0.9867,99.36,N,N,83.53,91.03,173.45,0.93286,-0.10153,0.34563,0.13856,-0.31765,-0.93803
45,1.5000,R_UpperArm,13.63,52.69,39.05,-10.80,50.67,50.67,52.69,0.9988,0.8984,63.95,N,N,96.50,89.06,173.43,0.20454,-0.69510,-0.68921,0.49886,0.31540,-0.80725
45,1.5000,R_LowerArm,-14.46,-61.47,-47.01,-57.27,-57.27,-57.27,-61.47,0.9989,0.9999,89.07,N,N,96.50,89.06,173.43,0.83777,-0.43760,0.32657,0.49886,0.31540,-0.80725
45,1.5000,L_UpperLeg,14.82,0.00,-14.82,0.00,0.00,0.00,0.00,0.0972,0.6735,137.66,Y,N,29.35,118.43,83.31,0.09106,-0.77223,0.62879,-0.00037,0.99870,0.05096
45,1.5000,L_LowerLeg,-2.39,0.00,2.39,0.00,0.00,0.00,0.00,0.1203,0.3791,157.72,Y,N,29.35,118.43,83.31,-0.17253,-0.94142,0.28976,-0.00037,0.99870,0.05096
45,1.5000,R_UpperLeg,2.91,0.00,-2.91,0.00,0.00,0.00,0.00,0.0956,0.3203,161.32,Y,N,21.14,110.23,84.14,0.30752,-0.94133,-0.13906,-0.00037,0.99870,0.05096
45,1.5000,R_LowerLeg,-0.10,0.00,0.10,0.00,0.00,0.00,0.00,0.1152,0.2952,162.83,Y,N,21.14,110.23,84.14,0.14346,-0.94097,-0.30660,-0.00037,0.99870,0.05096
46,1.5333,L_UpperArm,-6.15,-69.99,-63.84,-57.14,-90.84,-70.00,-69.99,0.9987,0.9499,108.21,N,N,83.53,91.03,173.45,-0.29603,-0.76650,0.56995,0.14159,-0.33870,-0.93018
46,1.5333,L_LowerArm,7.37,33.70,26.32,32.63,32.63,32.63,33.70,0.9987,0.9886,98.65,N,N,83.53,91.03,173.45,0.93547,-0.09763,0.33965,0.14159,-0.33870,-0.93018
46,1.5333,R_UpperArm,13.33,50.25,36.92,-11.38,46.85,46.85,50.25,0.9988,0.9328,68.88,N,N,96.50,89.06,173.43,0.15943,-0.73428,-0.65986,0.51734,0.33087,-0.78923
46,1.5333,R_LowerArm,-11.53,-58.23,-46.70,-54.82,-54.82,-54.82,-58.23,0.9989,0.9992,87.75,N,N,96.50,89.06,173.43,0.82819,-0.47790,0.29278,0.51734,0.33087,-0.78923
46,1.5333,L_UpperLeg,14.45,0.00,-14.45,0.00,0.00,0.00,0.00,0.0972,0.6632,138.45,Y,N,29.28,118.59,84.20,0.09314,-0.77715,0.62238,0.00109,0.99900,0.04475
46,1.5333,L_LowerLeg,-2.16,0.00,2.16,0.00,0.00,0.00,0.00,0.1203,0.3861,157.29,Y,N,29.28,118.59,84.20,-0.16283,-0.93704,0.30893,0.00109,0.99900,0.04475
46,1.5333,R_UpperLeg,1.52,0.00,-1.52,0.00,0.00,0.00,0.00,0.0956,0.3430,159.94,Y,N,20.86,110.52,86.43,0.32801,-0.93444,-0.13867,0.00109,0.99900,0.04475
46,1.5333,R_LowerLeg,0.31,0.00,-0.31,0.00,0.00,0.00,0.00,0.1152,0.3036,162.33,Y,N,20.86,110.52,86.43,0.13726,-0.93990,-0.31265,0.00109,0.99900,0.04475
47,1.5667,L_UpperArm,-6.86,-70.00,-63.13,-57.49,-92.72,-70.00,-70.00,0.9987,0.9546,107.32,N,N,83.53,91.03,173.45,-0.31244,-0.77296,0.55220,0.15375,-0.33977,-0.92786
47,1.5667,L_LowerArm,7.06,35.23,28.16,36.14,36.14,36.14,35.23,0.9987,0.9908,97.78,N,N,83.53,91.03,173.45,0.93934,-0.08436,0.33245,0.15375,-0.33977,-0.92786
47,1.5667,R_UpperArm,12.16,48.29,36.13,-12.54,43.35,43.35,48.29,0.9988,0.9482,71.48,N,N,96.50,89.06,173.43,0.13601,-0.75160,-0.64545,0.51425,0.34489,-0.78524
47,1.5667,R_LowerArm,-10.17,-55.89,-45.72,-53.70,-53.70,-53.70,-55.89,0.9989,0.9987,87.07,N,N,96.50,89.06,173.43,0.83405,-0.48122,0.26981,0.51425,0.34489,-0.78524
47,1.5667,L_UpperLeg,13.84,0.00,-13.84,0.00,0.00,0.00,0.00,0.0972,0.6499,139.46,Y,N,29.22,118.72,85.07,0.09779,-0.78522,0.61145,-0.00090,0.99919,0.04034
47,1.5667,L_LowerLeg,-2.12,0.00,2.12,0.00,0.00,0.00,0.00,0.1203,0.3912,156.97,Y,N,29.22,118.72,85.07,-0.14859,-0.93428,0.32411,-0.00090,0.99919,0.04034
47,1.5667,R_UpperLeg,0.19,0.00,-0.19,0.00,0.00,0.00,0.00,0.0956,0.3563,159.13,Y,N,21.00,110.94,88.49,0.33915,-0.92882,-0.14924,-0.00090,0.99919,0.04034
47,1.5667,R_LowerLeg,0.45,0.00,-0.45,0.00,0.00,0.00,0.00,0.1152,0.3110,161.88,Y,N,21.00,110.94,88.49,0.13917,-0.93829,-0.31662,-0.00090,0.99919,0.04034
48,1.6000,L_UpperArm,-7.42,-70.00,-62.58,-56.94,-92.70,-70.00,-70.00,0.9987,0.9586,106.55,N,N,83.53,91.03,173.45,-0.31267,-0.77815,0.54472,0.16742,-0.34718,-0.92273
48,1.6000,L_LowerArm,6.46,35.76,29.30,36.15,36.15,36.15,35.76,0.9987,0.9939,96.33,N,N,83.53,91.03,173.45,0.94361,-0.08069,0.32107,0.16742,-0.34718,-0.92273
48,1.6000,R_UpperArm,10.58,47.06,36.48,-13.85,40.61,40.61,47.06,0.9988,0.9559,72.93,N,N,96.50,89.06,173.43,0.12621,-0.75615,-0.64211,0.49830,0.36337,-0.78718
48,1.6000,R_LowerArm,-9.59,-54.47,-44.88,-53.13,-53.13,-53.13,-54.47,0.9989,0.9985,86.83,N,N,96.50,89.06,173.43,0.84980,-0.46144,0.25479,0.49830,0.36337,-0.78718
48,1.6000,L_UpperLeg,13.10,0.00,-13.10,0.00,0.00,0.00,0.00,0.0972,0.6349,140.59,Y,N,29.15,118.78,85.76,0.10411,-0.79505,0.59755,-0.00537,0.99928,0.03757
48,1.6000,L_LowerLeg,-2.23,0.00,2.23,0.00,0.00,0.00,0.00,0.1203,0.3953,156.72,Y,N,29.15,118.78,85.76,-0.13054,-0.93258,0.33653,-0.00537,0.99928,0.03757
48,1.6000,R_UpperLeg,-0.82,0.00,0.82,0.00,0.00,0.00,0.00,0.0956,0.3582,159.01,Y,N,21.39,111.39,89.80,0.33976,-0.92637,-0.16245,-0.00537,0.99928,0.03757
48,1.6000,R_LowerLeg,0.39,0.00,-0.39,0.00,0.00,0.00,0.00,0.1152,0.3143,161.68,Y,N,21.39,111.39,89.80,0.14589,-0.93732,-0.31647,-0.00537,0.99928,0.03757
49,1.6333,L_UpperArm,-7.86,-70.00,-62.13,-55.92,-91.36,-70.00,-70.00,0.9987,0.9623,105.79,N,N,83.53,91.03,173.45,-0.30622,-0.78333,0.54095,0.18430,-0.35702,-0.91573
49,1.6333,L_LowerArm,5.71,35.45,29.74,35.19,35.19,35.19,35.45,0.9987,0.9968,94.61,N,N,83.53,91.03,173.45,0.94754,-0.07959,0.30957,0.18430,-0.35702,-0.91573
49,1.6333,R_UpperArm,9.09,44.39,35.29,-14.76,38.59,38.59,44.39,0.9988,0.9627,74.30,N,N,96.50,89.06,173.43,0.12052,-0.75722,-0.64195,0.48491,0.38543,-0.78505
49,1.6333,R_LowerArm,-8.95,-53.35,-44.41,-52.28,-52.28,-52.28,-53.35,0.9989,0.9983,86.65,N,N,96.50,89.06,173.43,0.86416,-0.44074,0.24286,0.48491,0.38543,-0.78505
49,1.6333,L_UpperLeg,12.41,0.00,-12.41,0.00,0.00,0.00,0.00,0.0972,0.6188,141.77,Y,N,29.13,118.85,86.32,0.10941,-0.80601,0.58171,-0.01149,0.99927,0.03630
49,1.6333,L_LowerLeg,-2.44,0.00,2.44,0.00,0.00,0.00,0.00,0.1203,0.3984,156.52,Y,N,29.13,118.85,86.32,-0.11058,-0.93173,0.34590,-0.01149,0.99927,0.03630
49,1.6333,R_UpperLeg,-0.94,0.00,0.94,0.00,0.00,0.00,0.00,0.0956,0.3479,159.64,Y,N,21.87,111.87,90.10,0.32979,-0.92814,-0.17263,-0.01149,0.99927,0.03630
49,1.6333,R_LowerLeg,0.04,0.00,-0.04,0.00,0.00,0.00,0.00,0.1152,0.3143,161.68,Y,N,21.87,111.87,90.10,0.15557,-0.93685,-0.31321,-0.01149,0.99927,0.03630
50,1.6667,L_UpperArm,-8.33,-70.00,-61.66,-54.88,-90.00,-70.00,-70.00,0.9987,0.9658,105.04,N,N,83.53,91.03,173.45,-0.30309,-0.78845,0.53524,0.20387,-0.36580,-0.90809
50,1.6667,L_LowerArm,4.95,35.13,30.17,34.82,34.82,34.82,35.13,0.9987,0.9987,92.94,N,N,83.53,91.03,173.45,0.95042,-0.07751,0.30114,0.20387,-0.36580,-0.90809
50,1.6667,R_UpperArm,7.84,41.47,33.64,-15.44,36.98,36.98,41.47,0.9988,0.9688,75.65,N,N,96.50,89.06,173.43,0.11263,-0.76058,-0.63940,0.47699,0.40187,-0.78165
50,1.6667,R_LowerArm,-8.24,-52.41,-44.17,-51.47,-51.47,-51.47,-52.41,0.9989,0.9979,86.32,N,N,96.50,89.06,173.43,0.87352,-0.42872,0.23058,0.47699,0.40187,-0.78165
50,1.6667,L_UpperLeg,11.86,0.00,-11.86,0.00,0.00,0.00,0.00,0.0972,0.6024,142.96,Y,N,29.20,118.98,86.77,0.11130,-0.81704,0.56573,-0.01787,0.99920,0.03572
50,1.6667,L_LowerLeg,-2.69,0.00,2.69,0.00,0.00,0.00,0.00,0.1203,0.4014,156.33,Y,N,29.20,118.98,86.77,-0.09144,-0.93091,0.35363,-0.01787,0.99920,0.03572
50,1.6667,R_UpperLeg,-0.74,0.00,0.74,0.00,0.00,0.00,0.00,0.0956,0.3327,160.57,Y,N,22.35,112.35,89.86,0.31502,-0.93169,-0.18090,-0.01787,0.99920,0.03572
50,1.6667,R_LowerLeg,-0.37,0.00,0.37,0.00,0.00,0.00,0.00,0.1152,0.3112,161.87,Y,N,22.35,112.35,89.86,0.16643,-0.93718,-0.30658,-0.01787,0.99920,0.03572
